,dateutc,winner,wyId,label,teamIds,league,externalName
0,2018-05-19 19:00:00,0,2501057,"Dijon - Angers SCO, 2 - 1","['3799', '3804']",France,Dijon - Angers SCO (2018-05-19)
1,2018-05-19 19:00:00,3766,2501058,"Olympique Lyonnais - Nice, 3 - 2","['3766', '3775']",France,Olympique Lyonnais - Nice (2018-05-19)
2,2018-05-19 19:00:00,0,2501062,"Rennes - Montpellier, 1 - 1","['3774', '3787']",France,Rennes - Montpellier (2018-05-19)
3,2018-05-12 19:00:00,3776,2501050,"Lille - Dijon, 2 - 1","['3776', '3804']",France,Lille - Dijon (2018-05-12)
4,2018-05-12 18:00:00,19830,2501051,"Monaco - Saint-\u00c9tienne, 1 - 0","['3782', '19830']",France,Monaco - Saint-\u00c9tienne (2018-05-12)
5,2018-05-12 19:00:00,0,2501052,"Montpellier - Troyes, 1 - 1","['3787', '3795']",France,Montpellier - Troyes (2018-05-12)
6,2018-05-06 15:00:00,19830,2501037,"Caen - Monaco, 1 - 2","['3783', '19830']",France,Caen - Monaco (2018-05-06)
7,2018-05-06 14:30:00,3766,2501039,"Olympique Lyonnais - Troyes, 3 - 0","['3766', '3795']",France,Olympique Lyonnais - Troyes (2018-05-06)
8,2018-05-04 17:45:00,0,2501036,"Amiens SC - PSG, 2 - 2","['3767', '3789']",France,Amiens SC - PSG (2018-05-04)
9,2018-04-29 15:00:00,0,2501026,"Angers SCO - Olympique Marseille, 1 - 1","['3771', '3799']",France,Angers SCO - Olympique Marseille (2018-04-29)
10,2018-04-29 13:00:00,3774,2501033,"Rennes - Toulouse, 2 - 1","['3774', '3780']",France,Rennes - Toulouse (2018-04-29)
11,2018-04-28 18:00:00,3795,2501035,"Troyes - Caen, 3 - 1","['3783', '3795']",France,Troyes - Caen (2018-04-28)
12,2018-04-28 15:00:00,3766,2501029,"Olympique Lyonnais - Nantes, 2 - 0","['3766', '3770']",France,Olympique Lyonnais - Nantes (2018-04-28)
13,2018-04-25 16:45:00,0,2501007,"Caen - Toulouse, 0 - 0","['3780', '3783']",France,Caen - Toulouse (2018-04-25)
14,2018-04-15 19:00:00,3767,2501012,"PSG - Monaco, 7 - 1","['3767', '19830']",France,PSG - Monaco (2018-04-15)
15,2018-04-15 15:00:00,3771,2501015,"Troyes - Olympique Marseille, 2 - 3","['3771', '3795']",France,Troyes - Olympique Marseille (2018-04-15)
16,2018-04-14 18:00:00,0,2501011,"Nantes - Dijon, 1 - 1","['3770', '3804']",France,Nantes - Dijon (2018-04-14)
17,2018-04-08 19:00:00,0,2501000,"Olympique Marseille - Montpellier, 0 - 0","['3771', '3787']",France,Olympique Marseille - Montpellier (2018-04-08)
18,2018-05-19 19:00:00,0,2501056,"Caen - PSG, 0 - 0","['3767', '3783']",France,Caen - PSG (2018-05-19)
19,2018-05-19 19:00:00,3770,2501061,"Nantes - Strasbourg, 1 - 0","['3770', '3779']",France,Nantes - Strasbourg (2018-05-19)
20,2018-05-19 19:00:00,3782,2501063,"Saint-\u00c9tienne - Lille, 5 - 0","['3776', '3782']",France,Saint-\u00c9tienne - Lille (2018-05-19)
21,2018-05-12 19:00:00,0,2501047,"Angers SCO - Nantes, 0 - 2","['3770', '3799']",France,Angers SCO - Nantes (2018-05-12)
22,2018-05-12 19:00:00,3772,2501048,"Bordeaux - Toulouse, 4 - 2","['3772', '3780']",France,Bordeaux - Toulouse (2018-05-12)
23,2018-05-06 15:00:00,3787,2501042,"Nantes - Montpellier, 0 - 2","['3770', '3787']",France,Nantes - Montpellier (2018-05-06)
24,2018-04-28 18:00:00,3776,2501028,"Lille - Metz, 3 - 1","['3776', '3777']",France,Lille - Metz (2018-04-28)
25,2018-04-27 18:45:00,3782,2501031,"Montpellier - Saint-\u00c9tienne, 0 - 1","['3782', '3787']",France,Montpellier - Saint-\u00c9tienne (2018-04-27)
26,2018-04-22 19:00:00,3767,2501017,"Bordeaux - PSG, 0 - 1","['3767', '3772']",France,Bordeaux - PSG (2018-04-22)
27,2018-04-22 15:00:00,3782,2501024,"Saint-\u00c9tienne - Troyes, 2 - 1","['3782', '3795']",France,Saint-\u00c9tienne - Troyes (2018-04-22)
28,2018-04-21 18:00:00,3789,2501016,"Amiens SC - Strasbourg, 3 - 1","['3779', '3789']",France,Amiens SC - Strasbourg (2018-04-21)
29,2018-04-14 15:00:00,3766,2501009,"Olympique Lyonnais - Amiens SC, 3 - 0","['3766', '3789']",France,Olympique Lyonnais - Amiens SC (2018-04-14)
30,2018-05-12 19:00:00,3774,2501054,"PSG - Rennes, 0 - 2","['3767', '3774']",France,PSG - Rennes (2018-05-12)
31,2018-05-11 17:45:00,0,2501049,"Guingamp - Olympique Marseille, 3 - 3","['3771', '3785']",France,Guingamp - Olympique Marseille (2018-05-11)
32,2018-05-06 19:05:00,3771,2501040,"Olympique Marseille - Nice, 2 - 1","['3771', '3775']",France,Olympique Marseille - Nice (2018-05-06)
33,2018-05-06 15:00:00,3804,2501038,"Dijon - Guingamp, 3 - 1","['3785', '3804']",France,Dijon - Guingamp (2018-05-06)
34,2018-05-06 15:00:00,3776,2501045,"Toulouse - Lille, 2 - 3","['3776', '3780']",France,Toulouse - Lille (2018-05-06)
35,2018-04-29 19:00:00,0,2501032,"PSG - Guingamp, 2 - 2","['3767', '3785']",France,PSG - Guingamp (2018-04-29)
36,2018-04-28 18:00:00,0,2501030,"Monaco - Amiens SC, 0 - 0","['3789', '19830']",France,Monaco - Amiens SC (2018-04-28)
37,2018-04-21 18:00:00,0,2501021,"Metz - Caen, 1 - 1","['3777', '3783']",France,Metz - Caen (2018-04-21)
38,2018-04-21 18:00:00,3780,2501025,"Toulouse - Angers SCO, 2 - 0","['3780', '3799']",France,Toulouse - Angers SCO (2018-04-21)
39,2018-04-15 13:00:00,3772,2501010,"Montpellier - Bordeaux, 1 - 3","['3772', '3787']",France,Montpellier - Bordeaux (2018-04-15)
40,2018-04-14 18:00:00,3777,2501013,"Rennes - Metz, 1 - 2","['3774', '3777']",France,Rennes - Metz (2018-04-14)
41,2018-04-13 18:45:00,0,2501006,"Angers SCO - Nice, 1 - 1","['3775', '3799']",France,Angers SCO - Nice (2018-04-13)
42,2018-05-19 19:00:00,3771,2501059,"Olympique Marseille - Amiens SC, 2 - 1","['3771', '3789']",France,Olympique Marseille - Amiens SC (2018-05-19)
43,2018-05-19 19:00:00,3772,2501060,"Metz - Bordeaux, 0 - 4","['3772', '3777']",France,Metz - Bordeaux (2018-05-19)
44,2018-05-19 19:00:00,3780,2501064,"Toulouse - Guingamp, 2 - 1","['3780', '3785']",France,Toulouse - Guingamp (2018-05-19)
45,2018-05-19 19:00:00,19830,2501065,"Troyes - Monaco, 0 - 3","['3795', '19830']",France,Troyes - Monaco (2018-05-19)
46,2018-05-12 19:00:00,3789,2501046,"Amiens SC - Metz, 2 - 0","['3777', '3789']",France,Amiens SC - Metz (2018-05-12)
47,2018-05-12 18:00:00,3775,2501053,"Nice - Caen, 4 - 1","['3775', '3783']",France,Nice - Caen (2018-05-12)
48,2018-05-12 18:00:00,3779,2501055,"Strasbourg - Olympique Lyonnais, 3 - 2","['3766', '3779']",France,Strasbourg - Olympique Lyonnais (2018-05-12)
49,2018-05-06 15:00:00,3799,2501041,"Metz - Angers SCO, 1 - 2","['3777', '3799']",France,Metz - Angers SCO (2018-05-06)
50,2018-05-06 15:00:00,3774,2501043,"Rennes - Strasbourg, 2 - 1","['3774', '3779']",France,Rennes - Strasbourg (2018-05-06)
51,2018-05-06 13:00:00,3772,2501044,"Saint-\u00c9tienne - Bordeaux, 1 - 3","['3772', '3782']",France,Saint-\u00c9tienne - Bordeaux (2018-05-06)
52,2018-04-28 18:00:00,3772,2501027,"Bordeaux - Dijon, 3 - 1","['3772', '3804']",France,Bordeaux - Dijon (2018-04-28)
53,2018-04-28 18:00:00,0,2501034,"Strasbourg - Nice, 1 - 1","['3775', '3779']",France,Strasbourg - Nice (2018-04-28)
54,2018-04-22 13:00:00,3775,2501023,"Nice - Montpellier, 1 - 0","['3775', '3787']",France,Nice - Montpellier (2018-04-22)
55,2018-04-21 18:00:00,3785,2501019,"Guingamp - Monaco, 3 - 1","['3785', '19830']",France,Guingamp - Monaco (2018-04-21)
56,2018-04-21 15:00:00,3771,2501020,"Olympique Marseille - Lille, 5 - 1","['3771', '3776']",France,Olympique Marseille - Lille (2018-04-21)
57,2018-04-20 19:00:00,3766,2501018,"Dijon - Olympique Lyonnais, 2 - 5","['3766', '3804']",France,Dijon - Olympique Lyonnais (2018-04-20)
58,2018-04-20 17:30:00,0,2501022,"Nantes - Rennes, 1 - 1","['3770', '3774']",France,Nantes - Rennes (2018-04-20)
59,2018-04-14 18:00:00,0,2501008,"Lille - Guingamp, 2 - 2","['3776', '3785']",France,Lille - Guingamp (2018-04-14)
60,2018-04-14 18:00:00,3782,2501014,"Strasbourg - Saint-\u00c9tienne, 0 - 1","['3779', '3782']",France,Strasbourg - Saint-\u00c9tienne (2018-04-14)
61,2018-04-07 18:00:00,3772,2500998,"Bordeaux - Lille, 2 - 1","['3772', '3776']",France,Bordeaux - Lille (2018-04-07)
62,2018-04-01 19:00:00,3766,2500990,"Olympique Lyonnais - Toulouse, 2 - 0","['3766', '3780']",France,Olympique Lyonnais - Toulouse (2018-04-01)
63,2018-03-31 15:00:00,3771,2500987,"Dijon - Olympique Marseille, 1 - 3","['3771', '3804']",France,Dijon - Olympique Marseille (2018-03-31)
64,2018-03-18 16:00:00,3782,2500984,"Saint-\u00c9tienne - Guingamp, 2 - 0","['3782', '3785']",France,Saint-\u00c9tienne - Guingamp (2018-03-18)
65,2018-03-17 19:00:00,0,2500976,"Amiens SC - Troyes, 1 - 1","['3789', '3795']",France,Amiens SC - Troyes (2018-03-17)
66,2018-03-17 16:00:00,3774,2500978,"Bordeaux - Rennes, 0 - 2","['3772', '3774']",France,Bordeaux - Rennes (2018-03-17)
67,2018-03-11 14:00:00,3775,2500968,"Guingamp - Nice, 2 - 5","['3775', '3785']",France,Guingamp - Nice (2018-03-11)
68,2018-03-10 19:00:00,0,2500967,"Dijon - Amiens SC, 1 - 1","['3789', '3804']",France,Dijon - Amiens SC (2018-03-10)
69,2018-03-10 19:00:00,0,2500973,"Rennes - Saint-\u00c9tienne, 1 - 1","['3774', '3782']",France,Rennes - Saint-\u00c9tienne (2018-03-10)
70,2018-03-10 16:00:00,3767,2500972,"PSG - Metz, 5 - 0","['3767', '3777']",France,PSG - Metz (2018-03-10)
71,2018-03-04 14:00:00,3783,2500958,"Caen - Strasbourg, 2 - 0","['3779', '3783']",France,Caen - Strasbourg (2018-03-04)
72,2018-03-03 16:00:00,3767,2500965,"Troyes - PSG, 0 - 2","['3767', '3795']",France,Troyes - PSG (2018-03-03)
73,2018-03-02 18:45:00,19830,2500961,"Monaco - Bordeaux, 2 - 1","['3772', '19830']",France,Monaco - Bordeaux (2018-03-02)
74,2018-02-25 16:00:00,0,2500950,"Olympique Lyonnais - Saint-\u00c9tienne, 1 - 1","['3766', '3782']",France,Olympique Lyonnais - Saint-\u00c9tienne (2018-02-25)
75,2018-02-18 20:00:00,3771,2500940,"Olympique Marseille - Bordeaux, 1 - 0","['3771', '3772']",France,Olympique Marseille - Bordeaux (2018-02-18)
76,2018-04-08 13:00:00,0,2501003,"Nice - Rennes, 1 - 1","['3774', '3775']",France,Nice - Rennes (2018-04-08)
77,2018-04-07 18:00:00,3789,2500996,"Amiens SC - Caen, 3 - 0","['3783', '3789']",France,Amiens SC - Caen (2018-04-07)
78,2018-04-07 18:00:00,0,2500997,"Angers SCO - Strasbourg, 1 - 1","['3779', '3799']",France,Angers SCO - Strasbourg (2018-04-07)
79,2018-04-04 16:45:00,0,2500993,"Rennes - Monaco, 1 - 1","['3774', '19830']",France,Rennes - Monaco (2018-04-04)
80,2018-04-01 15:00:00,3789,2500989,"Lille - Amiens SC, 0 - 1","['3776', '3789']",France,Lille - Amiens SC (2018-04-01)
81,2018-04-01 15:00:00,3782,2500991,"Nantes - Saint-\u00c9tienne, 0 - 3","['3770', '3782']",France,Nantes - Saint-\u00c9tienne (2018-04-01)
82,2018-03-18 12:00:00,3767,2500983,"Nice - PSG, 1 - 2","['3767', '3775']",France,Nice - PSG (2018-03-18)
83,2018-03-17 19:00:00,3799,2500977,"Angers SCO - Caen, 3 - 0","['3783', '3799']",France,Angers SCO - Caen (2018-03-17)
84,2018-03-17 19:00:00,0,2500982,"Montpellier - Dijon, 2 - 2","['3787', '3804']",France,Montpellier - Dijon (2018-03-17)
85,2018-03-14 16:00:00,3767,2500992,"PSG - Angers SCO, 2 - 1","['3767', '3799']",France,PSG - Angers SCO (2018-03-14)
86,2018-03-11 20:00:00,3771,2500975,"Toulouse - Olympique Marseille, 1 - 2","['3771', '3780']",France,Toulouse - Olympique Marseille (2018-03-11)
87,2018-03-09 19:45:00,19830,2500974,"Strasbourg - Monaco, 1 - 3","['3779', '19830']",France,Strasbourg - Monaco (2018-03-09)
88,2018-03-04 20:00:00,0,2500959,"Olympique Marseille - Nantes, 1 - 1","['3770', '3771']",France,Olympique Marseille - Nantes (2018-03-04)
89,2018-03-04 16:00:00,0,2500962,"Montpellier - Olympique Lyonnais, 1 - 1","['3766', '3787']",France,Montpellier - Olympique Lyonnais (2018-03-04)
90,2018-03-03 19:00:00,3799,2500957,"Angers SCO - Guingamp, 3 - 0","['3785', '3799']",France,Angers SCO - Guingamp (2018-03-03)
91,2018-02-25 20:00:00,3767,2500952,"PSG - Olympique Marseille, 3 - 0","['3767', '3771']",France,PSG - Olympique Marseille (2018-02-25)
92,2018-02-24 19:00:00,0,2500948,"Guingamp - Metz, 2 - 2","['3777', '3785']",France,Guingamp - Metz (2018-02-24)
93,2018-02-23 19:45:00,0,2500954,"Strasbourg - Montpellier, 0 - 0","['3779', '3787']",France,Strasbourg - Montpellier (2018-02-23)
94,2018-04-07 18:00:00,3785,2500999,"Guingamp - Troyes, 4 - 0","['3785', '3795']",France,Guingamp - Troyes (2018-04-07)
95,2018-04-07 15:00:00,19830,2501002,"Monaco - Nantes, 2 - 1","['3770', '19830']",France,Monaco - Nantes (2018-04-07)
96,2018-04-01 15:00:00,3787,2500986,"Caen - Montpellier, 1 - 3","['3783', '3787']",France,Caen - Montpellier (2018-04-01)
97,2018-04-01 15:00:00,3775,2500995,"Troyes - Nice, 0 - 2","['3775', '3795']",France,Troyes - Nice (2018-04-01)
98,2018-03-11 16:00:00,3766,2500970,"Olympique Lyonnais - Caen, 1 - 0","['3766', '3783']",France,Olympique Lyonnais - Caen (2018-03-11)
99,2018-03-10 19:00:00,0,2500969,"Lille - Montpellier, 1 - 1","['3776', '3787']",France,Lille - Montpellier (2018-03-10)
100,2018-03-02 18:00:00,3775,2500963,"Nice - Lille, 2 - 1","['3775', '3776']",France,Nice - Lille (2018-03-02)
101,2018-02-24 19:00:00,3799,2500949,"Lille - Angers SCO, 1 - 2","['3776', '3799']",France,Lille - Angers SCO (2018-02-24)
102,2018-02-24 16:00:00,0,2500955,"Toulouse - Monaco, 3 - 3","['3780', '19830']",France,Toulouse - Monaco (2018-02-24)
103,2018-02-20 17:30:00,0,2500925,"Troyes - Dijon, 0 - 0","['3795', '3804']",France,Troyes - Dijon (2018-02-20)
104,2018-04-08 15:00:00,3766,2501001,"Metz - Olympique Lyonnais, 0 - 5","['3766', '3777']",France,Metz - Olympique Lyonnais (2018-04-08)
105,2018-04-07 18:00:00,3804,2501005,"Toulouse - Dijon, 0 - 1","['3780', '3804']",France,Toulouse - Dijon (2018-04-07)
106,2018-04-06 18:45:00,0,2501004,"Saint-\u00c9tienne - PSG, 1 - 1","['3767', '3782']",France,Saint-\u00c9tienne - PSG (2018-04-06)
107,2018-04-01 15:00:00,0,2500994,"Strasbourg - Metz, 2 - 2","['3777', '3779']",France,Strasbourg - Metz (2018-04-01)
108,2018-04-01 13:00:00,3785,2500988,"Guingamp - Bordeaux, 2 - 1","['3772', '3785']",France,Guingamp - Bordeaux (2018-04-01)
109,2018-03-18 20:00:00,3766,2500979,"Olympique Marseille - Olympique Lyonnais, 2 - 3","['3766', '3771']",France,Olympique Marseille - Olympique Lyonnais (2018-03-18)
110,2018-03-18 14:00:00,0,2500980,"Metz - Nantes, 1 - 1","['3770', '3777']",France,Metz - Nantes (2018-03-18)
111,2018-03-17 19:00:00,0,2500985,"Toulouse - Strasbourg, 2 - 2","['3779', '3780']",France,Toulouse - Strasbourg (2018-03-17)
112,2018-03-16 19:45:00,19830,2500981,"Monaco - Lille, 2 - 1","['3776', '19830']",France,Monaco - Lille (2018-03-16)
113,2018-03-10 19:00:00,0,2500966,"Bordeaux - Angers SCO, 0 - 0","['3772', '3799']",France,Bordeaux - Angers SCO (2018-03-10)
114,2018-03-10 19:00:00,3770,2500971,"Nantes - Troyes, 1 - 0","['3770', '3795']",France,Nantes - Troyes (2018-03-10)
115,2018-03-03 19:00:00,3774,2500956,"Amiens SC - Rennes, 0 - 2","['3774', '3789']",France,Amiens SC - Rennes (2018-03-03)
116,2018-03-03 19:00:00,0,2500960,"Metz - Toulouse, 1 - 1","['3777', '3780']",France,Metz - Toulouse (2018-03-03)
117,2018-03-03 19:00:00,0,2500964,"Saint-\u00c9tienne - Dijon, 2 - 2","['3782', '3804']",France,Saint-\u00c9tienne - Dijon (2018-03-03)
118,2018-02-25 14:00:00,0,2500946,"Bordeaux - Nice, 0 - 0","['3772', '3775']",France,Bordeaux - Nice (2018-02-25)
119,2018-02-24 19:00:00,3804,2500947,"Dijon - Caen, 2 - 0","['3783', '3804']",France,Dijon - Caen (2018-02-24)
120,2018-02-24 19:00:00,3789,2500951,"Nantes - Amiens SC, 0 - 1","['3770', '3789']",France,Nantes - Amiens SC (2018-02-24)
121,2018-02-24 19:00:00,3774,2500953,"Rennes - Troyes, 2 - 0","['3774', '3795']",France,Rennes - Troyes (2018-02-24)
122,2018-02-17 19:00:00,0,2500936,"Amiens SC - Toulouse, 0 - 0","['3780', '3789']",France,Amiens SC - Toulouse (2018-02-17)
123,2018-02-11 16:00:00,0,2500932,"Nantes - Lille, 2 - 2","['3770', '3776']",France,Nantes - Lille (2018-02-11)
124,2018-02-11 14:00:00,3779,2500934,"Strasbourg - Troyes, 2 - 1","['3779', '3795']",France,Strasbourg - Troyes (2018-02-11)
125,2018-02-10 19:00:00,19830,2500926,"Angers SCO - Monaco, 0 - 4","['3799', '19830']",France,Angers SCO - Monaco (2018-02-10)
126,2018-02-10 19:00:00,3772,2500927,"Bordeaux - Amiens SC, 3 - 2","['3772', '3789']",France,Bordeaux - Amiens SC (2018-02-10)
127,2018-02-10 19:00:00,3804,2500928,"Dijon - Nice, 3 - 2","['3775', '3804']",France,Dijon - Nice (2018-02-10)
128,2018-01-28 20:00:00,0,2500911,"Olympique Marseille - Monaco, 2 - 2","['3771', '19830']",France,Olympique Marseille - Monaco (2018-01-28)
129,2018-01-28 14:00:00,3776,2500910,"Lille - Strasbourg, 2 - 1","['3776', '3779']",France,Lille - Strasbourg (2018-01-28)
130,2018-01-27 19:00:00,3782,2500914,"Saint-\u00c9tienne - Caen, 2 - 1","['3782', '3783']",France,Saint-\u00c9tienne - Caen (2018-01-27)
131,2018-01-26 19:45:00,3804,2500908,"Dijon - Rennes, 2 - 1","['3774', '3804']",France,Dijon - Rennes (2018-01-26)
132,2018-01-21 16:00:00,19830,2500899,"Monaco - Metz, 3 - 1","['3777', '19830']",France,Monaco - Metz (2018-01-21)
133,2018-01-20 19:00:00,3787,2500900,"Montpellier - Toulouse, 2 - 1","['3780', '3787']",France,Montpellier - Toulouse (2018-01-20)
134,2018-01-20 19:00:00,3774,2500903,"Rennes - Angers SCO, 1 - 0","['3774', '3799']",France,Rennes - Angers SCO (2018-01-20)
135,2018-01-17 18:00:00,0,2500886,"Amiens SC - Montpellier, 1 - 1","['3787', '3789']",France,Amiens SC - Montpellier (2018-01-17)
136,2018-01-17 18:00:00,3799,2500887,"Angers SCO - Troyes, 3 - 1","['3795', '3799']",France,Angers SCO - Troyes (2018-01-17)
137,2018-01-17 18:00:00,3774,2500890,"Lille - Rennes, 1 - 2","['3774', '3776']",France,Lille - Rennes (2018-01-17)
138,2018-01-17 18:00:00,0,2500895,"Toulouse - Nantes, 1 - 1","['3770', '3780']",France,Toulouse - Nantes (2018-01-17)
139,2018-01-14 16:00:00,0,2500878,"Olympique Lyonnais - Angers SCO, 1 - 1","['3766', '3799']",France,Olympique Lyonnais - Angers SCO (2018-01-14)
140,2018-02-18 14:00:00,0,2500943,"Nice - Nantes, 1 - 1","['3770', '3775']",France,Nice - Nantes (2018-02-18)
141,2018-02-17 19:00:00,3782,2500937,"Angers SCO - Saint-\u00c9tienne, 0 - 1","['3782', '3799']",France,Angers SCO - Saint-\u00c9tienne (2018-02-17)
142,2018-02-17 19:00:00,0,2500938,"Caen - Rennes, 2 - 2","['3774', '3783']",France,Caen - Rennes (2018-02-17)
143,2018-02-11 20:00:00,3774,2500930,"Olympique Lyonnais - Rennes, 0 - 2","['3766', '3774']",France,Olympique Lyonnais - Rennes (2018-02-11)
144,2018-02-10 16:00:00,3767,2500935,"Toulouse - PSG, 0 - 1","['3767', '3780']",France,Toulouse - PSG (2018-02-10)
145,2018-02-09 19:45:00,0,2500933,"Saint-\u00c9tienne - Olympique Marseille, 2 - 2","['3771', '3782']",France,Saint-\u00c9tienne - Olympique Marseille (2018-02-09)
146,2018-02-04 16:00:00,3783,2500917,"Caen - Nantes, 3 - 2","['3770', '3783']",France,Caen - Nantes (2018-02-04)
147,2018-02-03 19:00:00,3787,2500921,"Montpellier - Angers SCO, 2 - 1","['3787', '3799']",France,Montpellier - Angers SCO (2018-02-03)
148,2018-02-03 19:00:00,3780,2500922,"Nice - Toulouse, 0 - 1","['3775', '3780']",France,Nice - Toulouse (2018-02-03)
149,2018-02-03 19:00:00,3772,2500924,"Strasbourg - Bordeaux, 0 - 2","['3772', '3779']",France,Strasbourg - Bordeaux (2018-02-03)
150,2018-02-03 16:00:00,3767,2500918,"Lille - PSG, 0 - 3","['3767', '3776']",France,Lille - PSG (2018-02-03)
151,2018-01-27 19:00:00,3770,2500909,"Guingamp - Nantes, 0 - 3","['3770', '3785']",France,Guingamp - Nantes (2018-01-27)
152,2018-01-21 14:00:00,3775,2500902,"Nice - Saint-\u00c9tienne, 1 - 0","['3775', '3782']",France,Nice - Saint-\u00c9tienne (2018-01-21)
153,2018-01-20 19:00:00,3789,2500896,"Amiens SC - Guingamp, 3 - 1","['3785', '3789']",France,Amiens SC - Guingamp (2018-01-20)
154,2018-01-20 19:00:00,3779,2500904,"Strasbourg - Dijon, 3 - 2","['3779', '3804']",France,Strasbourg - Dijon (2018-01-20)
155,2018-01-20 19:00:00,3795,2500905,"Troyes - Lille, 1 - 0","['3776', '3795']",France,Troyes - Lille (2018-01-20)
156,2018-01-20 16:00:00,3772,2500901,"Nantes - Bordeaux, 0 - 1","['3770', '3772']",France,Nantes - Bordeaux (2018-01-20)
157,2018-01-17 18:00:00,3766,2500889,"Guingamp - Olympique Lyonnais, 0 - 2","['3766', '3785']",France,Guingamp - Olympique Lyonnais (2018-01-17)
158,2018-01-16 20:00:00,0,2500893,"Monaco - Nice, 2 - 2","['3775', '19830']",France,Monaco - Nice (2018-01-16)
159,2018-02-17 19:00:00,0,2500942,"Montpellier - Guingamp, 1 - 1","['3785', '3787']",France,Montpellier - Guingamp (2018-02-17)
160,2018-02-16 19:45:00,19830,2500941,"Monaco - Dijon, 4 - 0","['3804', '19830']",France,Monaco - Dijon (2018-02-16)
161,2018-02-04 20:00:00,19830,2500920,"Monaco - Olympique Lyonnais, 3 - 2","['3766', '19830']",France,Monaco - Olympique Lyonnais (2018-02-04)
162,2018-02-04 14:00:00,3785,2500923,"Rennes - Guingamp, 0 - 1","['3774', '3785']",France,Rennes - Guingamp (2018-02-04)
163,2018-02-03 19:00:00,3782,2500916,"Amiens SC - Saint-\u00c9tienne, 0 - 2","['3782', '3789']",France,Amiens SC - Saint-\u00c9tienne (2018-02-03)
164,2018-02-02 19:45:00,3771,2500919,"Olympique Marseille - Metz, 6 - 3","['3771', '3777']",France,Olympique Marseille - Metz (2018-02-02)
165,2018-01-27 19:00:00,3799,2500906,"Angers SCO - Amiens SC, 1 - 0","['3789', '3799']",France,Angers SCO - Amiens SC (2018-01-27)
166,2018-01-27 19:00:00,3780,2500915,"Toulouse - Troyes, 1 - 0","['3780', '3795']",France,Toulouse - Troyes (2018-01-27)
167,2018-01-27 16:00:00,3767,2500913,"PSG - Montpellier, 4 - 0","['3767', '3787']",France,PSG - Montpellier (2018-01-27)
168,2018-01-21 20:00:00,3766,2500898,"Olympique Lyonnais - PSG, 2 - 1","['3766', '3767']",France,Olympique Lyonnais - PSG (2018-01-21)
169,2018-01-17 18:00:00,3777,2500892,"Metz - Saint-\u00c9tienne, 3 - 0","['3777', '3782']",France,Metz - Saint-\u00c9tienne (2018-01-17)
170,2018-01-14 14:00:00,3782,2500883,"Saint-\u00c9tienne - Toulouse, 2 - 0","['3780', '3782']",France,Saint-\u00c9tienne - Toulouse (2018-01-14)
171,2018-02-18 16:00:00,0,2500939,"Lille - Olympique Lyonnais, 2 - 2","['3766', '3776']",France,Lille - Olympique Lyonnais (2018-02-18)
172,2018-02-17 19:00:00,3795,2500945,"Troyes - Metz, 1 - 0","['3777', '3795']",France,Troyes - Metz (2018-02-17)
173,2018-02-17 16:00:00,3767,2500944,"PSG - Strasbourg, 5 - 2","['3767', '3779']",France,PSG - Strasbourg (2018-02-17)
174,2018-02-10 19:00:00,0,2500929,"Guingamp - Caen, 0 - 0","['3783', '3785']",France,Guingamp - Caen (2018-02-10)
175,2018-02-10 19:00:00,3787,2500931,"Metz - Montpellier, 0 - 1","['3777', '3787']",France,Metz - Montpellier (2018-02-10)
176,2018-01-28 16:00:00,3772,2500907,"Bordeaux - Olympique Lyonnais, 3 - 1","['3766', '3772']",France,Bordeaux - Olympique Lyonnais (2018-01-28)
177,2018-01-27 19:00:00,3777,2500912,"Metz - Nice, 2 - 1","['3775', '3777']",France,Metz - Nice (2018-01-27)
178,2018-01-19 19:45:00,3771,2500897,"Caen - Olympique Marseille, 0 - 2","['3771', '3783']",France,Caen - Olympique Marseille (2018-01-19)
179,2018-01-17 20:00:00,3767,2500894,"PSG - Dijon, 8 - 0","['3767', '3804']",France,PSG - Dijon (2018-01-17)
180,2018-01-16 18:00:00,3783,2500888,"Bordeaux - Caen, 0 - 2","['3772', '3783']",France,Bordeaux - Caen (2018-01-16)
181,2018-01-16 18:00:00,3771,2500891,"Olympique Marseille - Strasbourg, 2 - 0","['3771', '3779']",France,Olympique Marseille - Strasbourg (2018-01-16)
182,2018-01-14 20:00:00,3767,2500880,"Nantes - PSG, 0 - 1","['3767', '3770']",France,Nantes - PSG (2018-01-14)
183,2017-12-20 19:50:00,3771,2500871,"Olympique Marseille - Troyes, 3 - 1","['3771', '3795']",France,Olympique Marseille - Troyes (2017-12-20)
184,2017-12-20 19:50:00,3770,2500866,"Amiens SC - Nantes, 0 - 1","['3770', '3789']",France,Amiens SC - Nantes (2017-12-20)
185,2017-12-20 19:50:00,3785,2500869,"Guingamp - Saint-\u00c9tienne, 2 - 1","['3782', '3785']",France,Guingamp - Saint-\u00c9tienne (2017-12-20)
186,2017-12-17 20:00:00,3766,2500858,"Olympique Lyonnais - Olympique Marseille, 2 - 0","['3766', '3771']",France,Olympique Lyonnais - Olympique Marseille (2017-12-17)
187,2017-12-16 19:00:00,3804,2500857,"Dijon - Lille, 3 - 0","['3776', '3804']",France,Dijon - Lille (2017-12-16)
188,2017-12-09 19:00:00,0,2500851,"Metz - Rennes, 1 - 1","['3774', '3777']",France,Metz - Rennes (2017-12-09)
189,2017-12-09 19:00:00,3780,2500855,"Toulouse - Caen, 2 - 0","['3780', '3783']",France,Toulouse - Caen (2017-12-09)
190,2017-12-02 19:00:00,3776,2500838,"Lille - Toulouse, 1 - 0","['3776', '3780']",France,Lille - Toulouse (2017-12-02)
191,2017-12-01 19:45:00,3804,2500837,"Dijon - Bordeaux, 3 - 2","['3772', '3804']",France,Dijon - Bordeaux (2017-12-01)
192,2017-11-29 18:00:00,3771,2500831,"Metz - Olympique Marseille, 0 - 3","['3771', '3777']",France,Metz - Olympique Marseille (2017-11-29)
193,2017-11-29 18:00:00,3770,2500832,"Nantes - Monaco, 1 - 0","['3770', '19830']",France,Nantes - Monaco (2017-11-29)
194,2017-11-29 18:00:00,3775,2500835,"Toulouse - Nice, 1 - 2","['3775', '3780']",France,Toulouse - Nice (2017-11-29)
195,2017-11-28 18:00:00,0,2500834,"Strasbourg - Caen, 0 - 0","['3779', '3783']",France,Strasbourg - Caen (2017-11-28)
196,2017-11-26 20:00:00,3767,2500820,"Monaco - PSG, 1 - 2","['3767', '19830']",France,Monaco - PSG (2017-11-26)
197,2017-11-26 16:00:00,3771,2500818,"Olympique Marseille - Guingamp, 1 - 0","['3771', '3785']",France,Olympique Marseille - Guingamp (2017-11-26)
198,2017-11-25 19:00:00,3789,2500819,"Metz - Amiens SC, 0 - 2","['3777', '3789']",France,Metz - Amiens SC (2017-11-25)
199,2017-11-04 19:00:00,0,2500800,"Montpellier - Amiens SC, 1 - 1","['3787', '3789']",France,Montpellier - Amiens SC (2017-11-04)
200,2017-10-29 20:00:00,3771,2500790,"Lille - Olympique Marseille, 0 - 1","['3771', '3776']",France,Lille - Olympique Marseille (2017-10-29)
201,2017-10-29 14:00:00,3766,2500791,"Olympique Lyonnais - Metz, 2 - 0","['3766', '3777']",France,Olympique Lyonnais - Metz (2017-10-29)
202,2017-10-28 18:00:00,3804,2500788,"Dijon - Nantes, 1 - 0","['3770', '3804']",France,Dijon - Nantes (2017-10-28)
203,2017-10-28 18:00:00,3774,2500792,"Montpellier - Rennes, 0 - 1","['3774', '3787']",France,Montpellier - Rennes (2017-10-28)
204,2017-10-22 13:00:00,3779,2500782,"Nice - Strasbourg, 1 - 2","['3775', '3779']",France,Nice - Strasbourg (2017-10-22)
205,2017-10-21 18:00:00,3789,2500776,"Amiens SC - Bordeaux, 1 - 0","['3772', '3789']",France,Amiens SC - Bordeaux (2017-10-21)
206,2017-10-21 18:00:00,3780,2500777,"Angers SCO - Toulouse, 0 - 1","['3780', '3799']",France,Angers SCO - Toulouse (2017-10-21)
207,2017-10-21 18:00:00,3804,2500779,"Metz - Dijon, 1 - 2","['3777', '3804']",France,Metz - Dijon (2017-10-21)
208,2017-10-21 18:00:00,3770,2500781,"Nantes - Guingamp, 2 - 1","['3770', '3785']",France,Nantes - Guingamp (2017-10-21)
209,2017-10-14 18:00:00,3799,2500767,"Caen - Angers SCO, 0 - 2","['3783', '3799']",France,Caen - Angers SCO (2017-10-14)
210,2017-10-01 15:00:00,0,2500757,"Angers SCO - Olympique Lyonnais, 3 - 3","['3766', '3799']",France,Angers SCO - Olympique Lyonnais (2017-10-01)
211,2018-01-13 19:00:00,0,2500877,"Dijon - Metz, 1 - 1","['3777', '3804']",France,Dijon - Metz (2018-01-13)
212,2018-01-13 19:00:00,3775,2500881,"Nice - Amiens SC, 1 - 0","['3775', '3789']",France,Nice - Amiens SC (2018-01-13)
213,2018-01-13 19:00:00,3772,2500885,"Troyes - Bordeaux, 0 - 1","['3772', '3795']",France,Troyes - Bordeaux (2018-01-13)
214,2017-12-20 19:50:00,3767,2500874,"PSG - Caen, 3 - 1","['3767', '3783']",France,PSG - Caen (2017-12-20)
215,2017-12-20 19:50:00,3777,2500872,"Metz - Strasbourg, 3 - 0","['3777', '3779']",France,Metz - Strasbourg (2017-12-20)
216,2017-12-20 19:50:00,19830,2500873,"Monaco - Rennes, 2 - 1","['3774', '19830']",France,Monaco - Rennes (2017-12-20)
217,2017-12-17 16:00:00,3775,2500861,"Nice - Bordeaux, 1 - 0","['3772', '3775']",France,Nice - Bordeaux (2017-12-17)
218,2017-12-16 19:00:00,3777,2500859,"Montpellier - Metz, 1 - 3","['3777', '3787']",France,Montpellier - Metz (2017-12-16)
219,2017-12-16 19:00:00,0,2500856,"Caen - Guingamp, 0 - 0","['3783', '3785']",France,Caen - Guingamp (2017-12-16)
220,2017-12-15 19:45:00,19830,2500863,"Saint-\u00c9tienne - Monaco, 0 - 4","['3782', '19830']",France,Saint-\u00c9tienne - Monaco (2017-12-15)
221,2017-12-09 19:00:00,3785,2500849,"Guingamp - Dijon, 4 - 0","['3785', '3804']",France,Guingamp - Dijon (2017-12-09)
222,2017-12-09 19:00:00,19830,2500852,"Monaco - Troyes, 3 - 2","['3795', '19830']",France,Monaco - Troyes (2017-12-09)
223,2017-12-02 19:00:00,3775,2500841,"Nice - Metz, 3 - 1","['3775', '3777']",France,Nice - Metz (2017-12-02)
224,2017-11-29 20:00:00,3767,2500833,"PSG - Troyes, 2 - 0","['3767', '3795']",France,PSG - Troyes (2017-11-29)
225,2017-11-29 18:00:00,0,2500829,"Guingamp - Montpellier, 0 - 0","['3785', '3787']",France,Guingamp - Montpellier (2017-11-29)
226,2017-11-28 20:00:00,3772,2500828,"Bordeaux - Saint-\u00c9tienne, 3 - 0","['3772', '3782']",France,Bordeaux - Saint-\u00c9tienne (2017-11-28)
227,2017-11-28 18:00:00,3789,2500826,"Amiens SC - Dijon, 2 - 1","['3789', '3804']",France,Amiens SC - Dijon (2017-11-28)
228,2017-11-25 16:00:00,3774,2500823,"Rennes - Nantes, 2 - 1","['3770', '3774']",France,Rennes - Nantes (2017-11-25)
229,2017-11-19 20:00:00,0,2500807,"Bordeaux - Olympique Marseille, 1 - 1","['3771', '3772']",France,Bordeaux - Olympique Marseille (2017-11-19)
230,2017-11-19 14:00:00,0,2500808,"Caen - Nice, 1 - 1","['3775', '3783']",France,Caen - Nice (2017-11-19)
231,2017-11-18 19:00:00,3779,2500814,"Strasbourg - Rennes, 2 - 1","['3774', '3779']",France,Strasbourg - Rennes (2017-11-18)
232,2017-11-05 20:00:00,3766,2500804,"Saint-\u00c9tienne - Olympique Lyonnais, 0 - 5","['3766', '3782']",France,Saint-\u00c9tienne - Olympique Lyonnais (2017-11-05)
233,2017-11-05 16:00:00,3776,2500798,"Metz - Lille, 0 - 3","['3776', '3777']",France,Metz - Lille (2017-11-05)
234,2017-11-05 14:00:00,3775,2500802,"Nice - Dijon, 1 - 0","['3775', '3804']",France,Nice - Dijon (2017-11-05)
235,2017-11-04 19:00:00,3795,2500805,"Troyes - Strasbourg, 3 - 0","['3779', '3795']",France,Troyes - Strasbourg (2017-11-04)
236,2017-11-03 19:45:00,3774,2500803,"Rennes - Bordeaux, 1 - 0","['3772', '3774']",France,Rennes - Bordeaux (2017-11-03)
237,2017-10-28 18:00:00,3783,2500787,"Caen - Troyes, 1 - 0","['3783', '3795']",France,Caen - Troyes (2017-10-28)
238,2017-10-28 18:00:00,0,2500794,"Strasbourg - Angers SCO, 2 - 2","['3779', '3799']",France,Strasbourg - Angers SCO (2017-10-28)
239,2017-10-22 15:00:00,3766,2500785,"Troyes - Olympique Lyonnais, 0 - 5","['3766', '3795']",France,Troyes - Olympique Lyonnais (2017-10-22)
240,2017-10-15 13:00:00,0,2500766,"Bordeaux - Nantes, 1 - 1","['3770', '3772']",France,Bordeaux - Nantes (2017-10-15)
241,2017-10-14 18:00:00,3785,2500769,"Guingamp - Rennes, 2 - 0","['3774', '3785']",France,Guingamp - Rennes (2017-10-14)
242,2017-10-13 18:45:00,3766,2500771,"Olympique Lyonnais - Monaco, 3 - 2","['3766', '19830']",France,Olympique Lyonnais - Monaco (2017-10-13)
243,2017-09-30 18:00:00,0,2500758,"Dijon - Strasbourg, 1 - 1","['3779', '3804']",France,Dijon - Strasbourg (2017-09-30)
244,2018-01-13 19:00:00,3776,2500876,"Caen - Lille, 0 - 1","['3776', '3783']",France,Caen - Lille (2018-01-13)
245,2017-12-20 19:50:00,3766,2500875,"Toulouse - Olympique Lyonnais, 1 - 2","['3766', '3780']",France,Toulouse - Olympique Lyonnais (2017-12-20)
246,2017-12-16 19:00:00,3779,2500864,"Strasbourg - Toulouse, 2 - 1","['3779', '3780']",France,Strasbourg - Toulouse (2017-12-16)
247,2017-12-16 19:00:00,3795,2500865,"Troyes - Amiens SC, 1 - 0","['3789', '3795']",France,Troyes - Amiens SC (2017-12-16)
248,2017-12-16 16:00:00,3767,2500862,"Rennes - PSG, 1 - 4","['3767', '3774']",France,Rennes - PSG (2017-12-16)
249,2017-12-08 19:45:00,3779,2500848,"Bordeaux - Strasbourg, 0 - 3","['3772', '3779']",France,Bordeaux - Strasbourg (2017-12-08)
250,2017-12-03 16:00:00,3766,2500836,"Caen - Olympique Lyonnais, 1 - 2","['3766', '3783']",France,Caen - Olympique Lyonnais (2017-12-03)
251,2017-12-02 19:00:00,19830,2500839,"Monaco - Angers SCO, 1 - 0","['3799', '19830']",France,Monaco - Angers SCO (2017-12-02)
252,2017-12-02 16:00:00,3779,2500844,"Strasbourg - PSG, 2 - 1","['3767', '3779']",France,Strasbourg - PSG (2017-12-02)
253,2017-11-29 18:00:00,3774,2500827,"Angers SCO - Rennes, 1 - 2","['3774', '3799']",France,Angers SCO - Rennes (2017-11-29)
254,2017-11-29 18:00:00,3776,2500830,"Olympique Lyonnais - Lille, 1 - 2","['3766', '3776']",France,Olympique Lyonnais - Lille (2017-11-29)
255,2017-11-26 14:00:00,3766,2500822,"Nice - Olympique Lyonnais, 0 - 5","['3766', '3775']",France,Nice - Olympique Lyonnais (2017-11-26)
256,2017-11-25 19:00:00,3804,2500817,"Dijon - Toulouse, 3 - 1","['3780', '3804']",France,Dijon - Toulouse (2017-11-25)
257,2017-11-25 19:00:00,3795,2500825,"Troyes - Angers SCO, 3 - 0","['3795', '3799']",France,Troyes - Angers SCO (2017-11-25)
258,2017-11-24 19:45:00,0,2500824,"Saint-\u00c9tienne - Strasbourg, 2 - 2","['3779', '3782']",France,Saint-\u00c9tienne - Strasbourg (2017-11-24)
259,2017-11-19 16:00:00,0,2500812,"Olympique Lyonnais - Montpellier, 0 - 0","['3766', '3787']",France,Olympique Lyonnais - Montpellier (2017-11-19)
260,2017-11-18 19:00:00,3804,2500809,"Dijon - Troyes, 3 - 1","['3795', '3804']",France,Dijon - Troyes (2017-11-18)
261,2017-11-18 16:00:00,3767,2500813,"PSG - Nantes, 4 - 1","['3767', '3770']",France,PSG - Nantes (2017-11-18)
262,2017-11-04 19:00:00,19830,2500799,"Monaco - Guingamp, 6 - 0","['3785', '19830']",France,Monaco - Guingamp (2017-11-04)
263,2017-11-04 16:00:00,3767,2500796,"Angers SCO - PSG, 0 - 5","['3767', '3799']",France,Angers SCO - PSG (2017-11-04)
264,2017-10-28 18:00:00,0,2500789,"Guingamp - Amiens SC, 1 - 1","['3785', '3789']",France,Guingamp - Amiens SC (2017-10-28)
265,2017-10-22 19:00:00,0,2500778,"Olympique Marseille - PSG, 2 - 2","['3767', '3771']",France,Olympique Marseille - PSG (2017-10-22)
266,2017-10-21 18:00:00,3774,2500783,"Rennes - Lille, 1 - 0","['3774', '3776']",France,Rennes - Lille (2017-10-21)
267,2017-10-21 15:00:00,19830,2500780,"Monaco - Caen, 2 - 0","['3783', '19830']",France,Monaco - Caen (2017-10-21)
268,2017-10-20 18:45:00,3787,2500784,"Saint-\u00c9tienne - Montpellier, 0 - 1","['3782', '3787']",France,Saint-\u00c9tienne - Montpellier (2017-10-20)
269,2017-10-15 15:00:00,3787,2500772,"Montpellier - Nice, 2 - 0","['3775', '3787']",France,Montpellier - Nice (2017-10-15)
270,2017-10-14 18:00:00,3780,2500775,"Toulouse - Amiens SC, 1 - 0","['3780', '3789']",France,Toulouse - Amiens SC (2017-10-14)
271,2017-10-14 15:00:00,3767,2500768,"Dijon - PSG, 1 - 2","['3767', '3804']",France,Dijon - PSG (2017-10-14)
272,2017-10-01 19:00:00,3771,2500762,"Nice - Olympique Marseille, 2 - 4","['3771', '3775']",France,Nice - Olympique Marseille (2017-10-01)
273,2017-09-30 18:00:00,0,2500759,"Guingamp - Toulouse, 1 - 1","['3780', '3785']",France,Guingamp - Toulouse (2017-09-30)
274,2018-01-13 19:00:00,0,2500879,"Montpellier - Monaco, 0 - 0","['3787', '19830']",France,Montpellier - Monaco (2018-01-13)
275,2018-01-13 16:00:00,3771,2500882,"Rennes - Olympique Marseille, 0 - 3","['3771', '3774']",France,Rennes - Olympique Marseille (2018-01-13)
276,2018-01-12 19:45:00,3785,2500884,"Strasbourg - Guingamp, 0 - 2","['3779', '3785']",France,Strasbourg - Guingamp (2018-01-12)
277,2017-12-20 19:50:00,3799,2500867,"Angers SCO - Dijon, 2 - 1","['3799', '3804']",France,Angers SCO - Dijon (2017-12-20)
278,2017-12-20 19:50:00,0,2500870,"Lille - Nice, 1 - 1","['3775', '3776']",France,Lille - Nice (2017-12-20)
279,2017-12-20 19:50:00,3787,2500868,"Bordeaux - Montpellier, 0 - 2","['3772', '3787']",France,Bordeaux - Montpellier (2017-12-20)
280,2017-12-17 14:00:00,3770,2500860,"Nantes - Angers SCO, 1 - 0","['3770', '3799']",France,Nantes - Angers SCO (2017-12-17)
281,2017-12-10 20:00:00,3771,2500850,"Olympique Marseille - Saint-\u00c9tienne, 3 - 0","['3771', '3782']",France,Olympique Marseille - Saint-\u00c9tienne (2017-12-10)
282,2017-12-10 16:00:00,3775,2500853,"Nantes - Nice, 1 - 2","['3770', '3775']",France,Nantes - Nice (2017-12-10)
283,2017-12-10 14:00:00,3766,2500846,"Amiens SC - Olympique Lyonnais, 1 - 2","['3766', '3789']",France,Amiens SC - Olympique Lyonnais (2017-12-10)
284,2017-12-09 19:00:00,0,2500847,"Angers SCO - Montpellier, 1 - 1","['3787', '3799']",France,Angers SCO - Montpellier (2017-12-09)
285,2017-12-09 16:00:00,3767,2500854,"PSG - Lille, 3 - 1","['3767', '3776']",France,PSG - Lille (2017-12-09)
286,2017-12-03 20:00:00,0,2500840,"Montpellier - Olympique Marseille, 1 - 1","['3771', '3787']",France,Montpellier - Olympique Marseille (2017-12-03)
287,2017-12-03 14:00:00,0,2500843,"Saint-\u00c9tienne - Nantes, 1 - 1","['3770', '3782']",France,Saint-\u00c9tienne - Nantes (2017-12-03)
288,2017-12-02 19:00:00,3774,2500842,"Rennes - Amiens SC, 2 - 0","['3774', '3789']",France,Rennes - Amiens SC (2017-12-02)
289,2017-12-02 19:00:00,3785,2500845,"Troyes - Guingamp, 0 - 1","['3785', '3795']",France,Troyes - Guingamp (2017-12-02)
290,2017-11-25 19:00:00,3783,2500816,"Caen - Bordeaux, 1 - 0","['3772', '3783']",France,Caen - Bordeaux (2017-11-25)
291,2017-11-25 19:00:00,3787,2500821,"Montpellier - Lille, 3 - 0","['3776', '3787']",France,Montpellier - Lille (2017-11-25)
292,2017-11-20 18:00:00,3789,2500756,"Amiens SC - Lille, 3 - 0","['3776', '3789']",France,Amiens SC - Lille (2017-11-20)
293,2017-11-18 19:00:00,0,2500810,"Guingamp - Angers SCO, 1 - 1","['3785', '3799']",France,Guingamp - Angers SCO (2017-11-18)
294,2017-11-18 19:00:00,0,2500815,"Toulouse - Metz, 0 - 0","['3777', '3780']",France,Toulouse - Metz (2017-11-18)
295,2017-11-17 19:45:00,0,2500806,"Amiens SC - Monaco, 1 - 1","['3789', '19830']",France,Amiens SC - Monaco (2017-11-17)
296,2017-11-17 18:00:00,3776,2500811,"Lille - Saint-\u00c9tienne, 3 - 1","['3776', '3782']",France,Lille - Saint-\u00c9tienne (2017-11-17)
297,2017-11-05 16:00:00,3771,2500797,"Olympique Marseille - Caen, 5 - 0","['3771', '3783']",France,Olympique Marseille - Caen (2017-11-05)
298,2017-11-04 19:00:00,3770,2500801,"Nantes - Toulouse, 2 - 1","['3770', '3780']",France,Nantes - Toulouse (2017-11-04)
299,2017-10-29 16:00:00,0,2500795,"Toulouse - Saint-\u00c9tienne, 0 - 0","['3780', '3782']",France,Toulouse - Saint-\u00c9tienne (2017-10-29)
300,2017-10-28 15:00:00,19830,2500786,"Bordeaux - Monaco, 0 - 2","['3772', '19830']",France,Bordeaux - Monaco (2017-10-28)
301,2017-10-27 18:45:00,3767,2500793,"PSG - Nice, 3 - 0","['3767', '3775']",France,PSG - Nice (2017-10-27)
302,2017-10-15 19:00:00,0,2500774,"Strasbourg - Olympique Marseille, 3 - 3","['3771', '3779']",France,Strasbourg - Olympique Marseille (2017-10-15)
303,2017-10-14 18:00:00,0,2500770,"Lille - Troyes, 2 - 2","['3776', '3795']",France,Lille - Troyes (2017-10-14)
304,2017-10-14 18:00:00,3782,2500773,"Saint-\u00c9tienne - Metz, 3 - 1","['3777', '3782']",France,Saint-\u00c9tienne - Metz (2017-10-14)
305,2017-10-01 13:00:00,3795,2500765,"Troyes - Saint-\u00c9tienne, 2 - 1","['3782', '3795']",France,Troyes - Saint-\u00c9tienne (2017-10-01)
306,2017-09-23 15:00:00,0,2500752,"Montpellier - PSG, 0 - 0","['3767', '3787']",France,Montpellier - PSG (2017-09-23)
307,2017-09-17 19:00:00,3767,2500742,"PSG - Olympique Lyonnais, 2 - 0","['3766', '3767']",France,PSG - Olympique Lyonnais (2017-09-17)
308,2017-09-17 13:00:00,3771,2500736,"Amiens SC - Olympique Marseille, 0 - 2","['3771', '3789']",France,Amiens SC - Olympique Marseille (2017-09-17)
309,2017-09-09 18:00:00,3783,2500726,"Caen - Dijon, 2 - 1","['3783', '3804']",France,Caen - Dijon (2017-09-09)
310,2017-09-09 18:00:00,0,2500735,"Troyes - Toulouse, 0 - 0","['3780', '3795']",France,Troyes - Toulouse (2017-09-09)
311,2017-09-08 18:45:00,3767,2500730,"Metz - PSG, 1 - 5","['3767', '3777']",France,Metz - PSG (2017-09-08)
312,2017-08-27 13:00:00,3785,2500721,"Guingamp - Strasbourg, 2 - 0","['3779', '3785']",France,Guingamp - Strasbourg (2017-08-27)
313,2017-08-20 15:00:00,0,2500708,"Olympique Marseille - Angers SCO, 1 - 1","['3771', '3799']",France,Olympique Marseille - Angers SCO (2017-08-20)
314,2017-08-19 18:00:00,0,2500710,"Montpellier - Strasbourg, 1 - 1","['3779', '3787']",France,Montpellier - Strasbourg (2017-08-19)
315,2017-08-19 18:00:00,3775,2500711,"Nice - Guingamp, 2 - 0","['3775', '3785']",France,Nice - Guingamp (2017-08-19)
316,2017-08-19 18:00:00,0,2500713,"Rennes - Dijon, 2 - 2","['3774', '3804']",France,Rennes - Dijon (2017-08-19)
317,2017-08-19 18:00:00,3770,2500715,"Troyes - Nantes, 0 - 1","['3770', '3795']",France,Troyes - Nantes (2017-08-19)
318,2017-08-18 18:45:00,19830,2500709,"Metz - Monaco, 0 - 1","['3777', '19830']",France,Metz - Monaco (2017-08-18)
319,2017-08-13 13:00:00,3779,2500704,"Strasbourg - Lille, 3 - 0","['3776', '3779']",France,Strasbourg - Lille (2017-08-13)
320,2017-08-12 18:00:00,3772,2500697,"Bordeaux - Metz, 2 - 0","['3772', '3777']",France,Bordeaux - Metz (2017-08-12)
321,2017-08-11 18:45:00,3766,2500703,"Rennes - Olympique Lyonnais, 1 - 2","['3766', '3774']",France,Rennes - Olympique Lyonnais (2017-08-11)
322,2017-08-06 19:00:00,3771,2500689,"Olympique Marseille - Dijon, 3 - 0","['3771', '3804']",France,Olympique Marseille - Dijon (2017-08-06)
323,2017-08-06 15:00:00,0,2500686,"Angers SCO - Bordeaux, 2 - 2","['3772', '3799']",France,Angers SCO - Bordeaux (2017-08-06)
324,2017-08-05 15:15:00,3767,2500693,"PSG - Amiens SC, 2 - 0","['3767', '3789']",France,PSG - Amiens SC (2017-08-05)
325,2017-09-30 18:00:00,3770,2500761,"Nantes - Metz, 1 - 0","['3770', '3777']",France,Nantes - Metz (2017-09-30)
326,2017-09-30 18:00:00,3783,2500764,"Rennes - Caen, 0 - 1","['3774', '3783']",France,Rennes - Caen (2017-09-30)
327,2017-09-24 19:00:00,3771,2500750,"Olympique Marseille - Toulouse, 2 - 0","['3771', '3780']",France,Olympique Marseille - Toulouse (2017-09-24)
328,2017-09-23 18:00:00,3772,2500746,"Bordeaux - Guingamp, 3 - 1","['3772', '3785']",France,Bordeaux - Guingamp (2017-09-23)
329,2017-09-22 18:45:00,19830,2500748,"Lille - Monaco, 0 - 4","['3776', '19830']",France,Lille - Monaco (2017-09-22)
330,2017-09-22 17:00:00,0,2500753,"Nice - Angers SCO, 2 - 2","['3775', '3799']",France,Nice - Angers SCO (2017-09-22)
331,2017-09-17 15:00:00,3777,2500737,"Angers SCO - Metz, 0 - 1","['3777', '3799']",France,Angers SCO - Metz (2017-09-17)
332,2017-09-17 15:00:00,3775,2500743,"Rennes - Nice, 0 - 1","['3774', '3775']",France,Rennes - Nice (2017-09-17)
333,2017-09-16 18:00:00,3785,2500739,"Guingamp - Lille, 1 - 0","['3776', '3785']",France,Guingamp - Lille (2017-09-16)
334,2017-09-16 18:00:00,3787,2500745,"Troyes - Montpellier, 0 - 1","['3787', '3795']",France,Troyes - Montpellier (2017-09-16)
335,2017-09-10 19:00:00,3774,2500729,"Olympique Marseille - Rennes, 1 - 3","['3771', '3774']",France,Olympique Marseille - Rennes (2017-09-10)
336,2017-09-10 15:00:00,3766,2500728,"Olympique Lyonnais - Guingamp, 2 - 1","['3766', '3785']",France,Olympique Lyonnais - Guingamp (2017-09-10)
337,2017-09-10 13:00:00,0,2500733,"Saint-\u00c9tienne - Angers SCO, 1 - 1","['3782', '3799']",France,Saint-\u00c9tienne - Angers SCO (2017-09-10)
338,2017-09-09 15:00:00,3775,2500732,"Nice - Monaco, 4 - 0","['3775', '19830']",France,Nice - Monaco (2017-09-09)
339,2017-09-08 17:00:00,0,2500727,"Lille - Bordeaux, 0 - 0","['3772', '3776']",France,Lille - Bordeaux (2017-09-08)
340,2017-08-27 19:00:00,19830,2500722,"Monaco - Olympique Marseille, 6 - 1","['3771', '19830']",France,Monaco - Olympique Marseille (2017-08-27)
341,2017-08-26 18:00:00,3789,2500716,"Amiens SC - Nice, 3 - 0","['3775', '3789']",France,Amiens SC - Nice (2017-08-26)
342,2017-08-26 18:00:00,3783,2500719,"Caen - Metz, 1 - 0","['3777', '3783']",France,Caen - Metz (2017-08-26)
343,2017-08-12 15:00:00,3771,2500701,"Nantes - Olympique Marseille, 0 - 1","['3770', '3771']",France,Nantes - Olympique Marseille (2017-08-12)
344,2017-08-05 18:00:00,3787,2500692,"Montpellier - Caen, 1 - 0","['3783', '3787']",France,Montpellier - Caen (2017-08-05)
345,2017-09-24 13:00:00,0,2500754,"Saint-\u00c9tienne - Rennes, 2 - 2","['3774', '3782']",France,Saint-\u00c9tienne - Rennes (2017-09-24)
346,2017-09-23 18:00:00,3783,2500747,"Caen - Amiens SC, 1 - 0","['3783', '3789']",France,Caen - Amiens SC (2017-09-23)
347,2017-09-23 18:00:00,0,2500749,"Olympique Lyonnais - Dijon, 3 - 3","['3766', '3804']",France,Olympique Lyonnais - Dijon (2017-09-23)
348,2017-08-27 15:00:00,0,2500717,"Angers SCO - Lille, 1 - 1","['3776', '3799']",France,Angers SCO - Lille (2017-08-27)
349,2017-08-26 18:00:00,3772,2500718,"Bordeaux - Troyes, 2 - 1","['3772', '3795']",France,Bordeaux - Troyes (2017-08-26)
350,2017-08-26 18:00:00,3804,2500720,"Dijon - Montpellier, 2 - 1","['3787', '3804']",France,Dijon - Montpellier (2017-08-26)
351,2017-08-26 18:00:00,3780,2500725,"Toulouse - Rennes, 3 - 2","['3774', '3780']",France,Toulouse - Rennes (2017-08-26)
352,2017-08-25 18:45:00,3767,2500724,"PSG - Saint-\u00c9tienne, 3 - 0","['3767', '3782']",France,PSG - Saint-\u00c9tienne (2017-08-25)
353,2017-08-20 19:00:00,3767,2500712,"PSG - Toulouse, 6 - 2","['3767', '3780']",France,PSG - Toulouse (2017-08-20)
354,2017-08-20 13:00:00,3783,2500706,"Lille - Caen, 0 - 2","['3776', '3783']",France,Lille - Caen (2017-08-20)
355,2017-08-19 18:00:00,3782,2500714,"Saint-\u00c9tienne - Amiens SC, 3 - 0","['3782', '3789']",France,Saint-\u00c9tienne - Amiens SC (2017-08-19)
356,2017-08-19 15:00:00,0,2500707,"Olympique Lyonnais - Bordeaux, 3 - 3","['3766', '3772']",France,Olympique Lyonnais - Bordeaux (2017-08-19)
357,2017-08-13 15:00:00,19830,2500699,"Dijon - Monaco, 1 - 4","['3804', '19830']",France,Dijon - Monaco (2017-08-13)
358,2017-08-12 18:00:00,3799,2500696,"Amiens SC - Angers SCO, 0 - 2","['3789', '3799']",France,Amiens SC - Angers SCO (2017-08-12)
359,2017-08-12 18:00:00,3782,2500698,"Caen - Saint-\u00c9tienne, 0 - 1","['3782', '3783']",France,Caen - Saint-\u00c9tienne (2017-08-12)
360,2017-08-12 18:00:00,3780,2500705,"Toulouse - Montpellier, 1 - 0","['3780', '3787']",France,Toulouse - Montpellier (2017-08-12)
361,2017-08-11 17:00:00,3795,2500702,"Nice - Troyes, 1 - 2","['3775', '3795']",France,Nice - Troyes (2017-08-11)
362,2017-08-06 13:00:00,3776,2500687,"Lille - Nantes, 3 - 0","['3770', '3776']",France,Lille - Nantes (2017-08-06)
363,2017-09-30 15:00:00,3767,2500763,"PSG - Bordeaux, 6 - 2","['3767', '3772']",France,PSG - Bordeaux (2017-09-30)
364,2017-09-29 18:45:00,0,2500760,"Monaco - Montpellier, 1 - 1","['3787', '19830']",France,Monaco - Montpellier (2017-09-29)
365,2017-09-24 15:00:00,3770,2500755,"Strasbourg - Nantes, 1 - 2","['3770', '3779']",France,Strasbourg - Nantes (2017-09-24)
366,2017-09-23 18:00:00,3795,2500751,"Metz - Troyes, 0 - 1","['3777', '3795']",France,Metz - Troyes (2017-09-23)
367,2017-09-16 18:00:00,3782,2500738,"Dijon - Saint-\u00c9tienne, 0 - 1","['3782', '3804']",France,Dijon - Saint-\u00c9tienne (2017-09-16)
368,2017-09-16 18:00:00,3770,2500741,"Nantes - Caen, 1 - 0","['3770', '3783']",France,Nantes - Caen (2017-09-16)
369,2017-09-16 15:00:00,19830,2500740,"Monaco - Strasbourg, 3 - 0","['3779', '19830']",France,Monaco - Strasbourg (2017-09-16)
370,2017-09-15 18:45:00,3772,2500744,"Toulouse - Bordeaux, 0 - 1","['3772', '3780']",France,Toulouse - Bordeaux (2017-09-15)
371,2017-09-09 18:00:00,3770,2500731,"Montpellier - Nantes, 0 - 1","['3770', '3787']",France,Montpellier - Nantes (2017-09-09)
372,2017-09-09 18:00:00,3789,2500734,"Strasbourg - Amiens SC, 0 - 1","['3779', '3789']",France,Strasbourg - Amiens SC (2017-09-09)
373,2017-08-26 15:15:00,0,2500723,"Nantes - Olympique Lyonnais, 0 - 0","['3766', '3770']",France,Nantes - Olympique Lyonnais (2017-08-26)
374,2017-08-13 19:00:00,3767,2500700,"Guingamp - PSG, 0 - 3","['3767', '3785']",France,Guingamp - PSG (2017-08-13)
375,2017-08-05 18:00:00,3766,2500688,"Olympique Lyonnais - Strasbourg, 4 - 0","['3766', '3779']",France,Olympique Lyonnais - Strasbourg (2017-08-05)
376,2017-08-05 18:00:00,3785,2500690,"Metz - Guingamp, 1 - 3","['3777', '3785']",France,Metz - Guingamp (2017-08-05)
377,2017-08-05 18:00:00,3782,2500694,"Saint-\u00c9tienne - Nice, 1 - 0","['3775', '3782']",France,Saint-\u00c9tienne - Nice (2017-08-05)
378,2017-08-05 18:00:00,0,2500695,"Troyes - Rennes, 1 - 1","['3774', '3795']",France,Troyes - Rennes (2017-08-05)
379,2017-08-04 18:45:00,19830,2500691,"Monaco - Toulouse, 3 - 2","['3780', '19830']",France,Monaco - Toulouse (2017-08-04)
380,2018-07-15 15:00:00,4418,2058017,"France - Croatia, 4 - 2","['4418', '9598']",World_Cup,France - Croatia (2018-07-15)
381,2018-07-07 18:00:00,9598,2058012,"Russia - Croatia, 2 - 2 (P)","['9598', '14358']",World_Cup,Russia - Croatia (2018-07-07)
382,2018-07-07 14:00:00,2413,2058013,"Sweden - England, 0 - 2","['2413', '7047']",World_Cup,Sweden - England (2018-07-07)
383,2018-07-03 18:00:00,2413,2058009,"Colombia - England, 1 - 1 (P)","['2413', '12430']",World_Cup,Colombia - England (2018-07-03)
384,2018-07-03 14:00:00,7047,2058008,"Sweden - Switzerland, 1 - 0","['6697', '7047']",World_Cup,Sweden - Switzerland (2018-07-03)
385,2018-06-28 18:00:00,16276,2057995,"Panama - Tunisia, 1 - 2","['16276', '17929']",World_Cup,Panama - Tunisia (2018-06-28)
386,2018-06-28 14:00:00,13869,2058000,"Japan - Poland, 0 - 1","['12913', '13869']",World_Cup,Japan - Poland (2018-06-28)
387,2018-06-27 14:00:00,14855,2057988,"Korea Republic - Germany, 2 - 0","['3148', '14855']",World_Cup,Korea Republic - Germany (2018-06-27)
388,2018-06-25 18:00:00,0,2057965,"Spain - Morocco, 2 - 2","['1598', '16216']",World_Cup,Spain - Morocco (2018-06-25)
389,2018-06-24 18:00:00,12430,2057998,"Poland - Colombia, 0 - 3","['12430', '13869']",World_Cup,Poland - Colombia (2018-06-24)
390,2018-06-23 12:00:00,5629,2057992,"Belgium - Tunisia, 5 - 2","['5629', '16276']",World_Cup,Belgium - Tunisia (2018-06-23)
391,2018-06-17 18:00:00,0,2057978,"Brazil - Switzerland, 1 - 1","['6380', '6697']",World_Cup,Brazil - Switzerland (2018-06-17)
392,2018-06-16 19:00:00,9598,2057973,"Croatia - Nigeria, 2 - 0","['9598', '16823']",World_Cup,Croatia - Nigeria (2018-06-16)
393,2018-06-15 18:00:00,0,2057960,"Portugal - Spain, 3 - 3","['1598', '9905']",World_Cup,Portugal - Spain (2018-06-15)
394,2018-07-11 18:00:00,9598,2058015,"Croatia - England, 2 - 1 (E)","['2413', '9598']",World_Cup,Croatia - England (2018-07-11)
395,2018-07-06 14:00:00,4418,2058010,"Uruguay - France, 0 - 2","['4418', '15670']",World_Cup,Uruguay - France (2018-07-06)
396,2018-07-02 18:00:00,5629,2058007,"Belgium - Japan, 3 - 2","['5629', '12913']",World_Cup,Belgium - Japan (2018-07-02)
397,2018-07-02 14:00:00,6380,2058006,"Brazil - Mexico, 2 - 0","['6380', '15473']",World_Cup,Brazil - Mexico (2018-07-02)
398,2018-06-30 18:00:00,15670,2058002,"Uruguay - Portugal, 2 - 1","['9905', '15670']",World_Cup,Uruguay - Portugal (2018-06-30)
399,2018-06-25 18:00:00,0,2057964,"Iran - Portugal, 1 - 1","['9905', '10840']",World_Cup,Iran - Portugal (2018-06-25)
400,2018-06-25 14:00:00,16521,2057959,"Saudi Arabia - Egypt, 2 - 1","['16129', '16521']",World_Cup,Saudi Arabia - Egypt (2018-06-25)
401,2018-06-24 15:00:00,0,2057999,"Japan - Senegal, 2 - 2","['12913', '19314']",World_Cup,Japan - Senegal (2018-06-24)
402,2018-06-23 15:00:00,15473,2057987,"Korea Republic - Mexico, 1 - 2","['14855', '15473']",World_Cup,Korea Republic - Mexico (2018-06-23)
403,2018-06-22 18:00:00,6697,2057981,"Serbia - Switzerland, 1 - 2","['6697', '17322']",World_Cup,Serbia - Switzerland (2018-06-22)
404,2018-06-22 15:00:00,16823,2057975,"Nigeria - Iceland, 2 - 0","['7839', '16823']",World_Cup,Nigeria - Iceland (2018-06-22)
405,2018-06-22 12:00:00,6380,2057980,"Brazil - Costa Rica, 2 - 0","['6380', '16871']",World_Cup,Brazil - Costa Rica (2018-06-22)
406,2018-06-21 15:00:00,4418,2057968,"France - Peru, 1 - 0","['4418', '15594']",World_Cup,France - Peru (2018-06-21)
407,2018-06-21 12:00:00,0,2057969,"Denmark - Australia, 1 - 1","['7712', '8493']",World_Cup,Denmark - Australia (2018-06-21)
408,2018-06-20 18:00:00,1598,2057963,"Iran - Spain, 0 - 1","['1598', '10840']",World_Cup,Iran - Spain (2018-06-20)
409,2018-06-20 15:00:00,15670,2057957,"Uruguay - Saudi Arabia, 1 - 0","['15670', '16521']",World_Cup,Uruguay - Saudi Arabia (2018-06-20)
410,2018-06-17 15:00:00,15473,2057984,"Germany - Mexico, 0 - 1","['3148', '15473']",World_Cup,Germany - Mexico (2018-06-17)
411,2018-06-16 13:00:00,0,2057972,"Argentina - Iceland, 1 - 1","['7839', '12274']",World_Cup,Argentina - Iceland (2018-06-16)
412,2018-06-16 10:00:00,4418,2057966,"France - Australia, 2 - 1","['4418', '8493']",World_Cup,France - Australia (2018-06-16)
413,2018-06-15 15:00:00,10840,2057961,"Morocco - Iran, 0 - 1","['10840', '16216']",World_Cup,Morocco - Iran (2018-06-15)
414,2018-06-15 12:00:00,15670,2057955,"Egypt - Uruguay, 0 - 1","['15670', '16129']",World_Cup,Egypt - Uruguay (2018-06-15)
415,2018-07-14 14:00:00,5629,2058016,"Belgium - England, 2 - 0","['2413', '5629']",World_Cup,Belgium - England (2018-07-14)
416,2018-07-01 18:00:00,9598,2058005,"Croatia - Denmark, 1 - 1 (P)","['7712', '9598']",World_Cup,Croatia - Denmark (2018-07-01)
417,2018-06-30 14:00:00,4418,2058003,"France - Argentina, 4 - 3","['4418', '12274']",World_Cup,France - Argentina (2018-06-30)
418,2018-06-28 14:00:00,12430,2058001,"Senegal - Colombia, 0 - 1","['12430', '19314']",World_Cup,Senegal - Colombia (2018-06-28)
419,2018-06-27 18:00:00,6380,2057982,"Serbia - Brazil, 0 - 2","['6380', '17322']",World_Cup,Serbia - Brazil (2018-06-27)
420,2018-06-27 18:00:00,0,2057983,"Switzerland - Costa Rica, 2 - 2","['6697', '16871']",World_Cup,Switzerland - Costa Rica (2018-06-27)
421,2018-06-26 14:00:00,15594,2057971,"Australia - Peru, 0 - 2","['8493', '15594']",World_Cup,Australia - Peru (2018-06-26)
422,2018-06-25 14:00:00,15670,2057958,"Uruguay - Russia, 3 - 0","['14358', '15670']",World_Cup,Uruguay - Russia (2018-06-25)
423,2018-06-23 18:00:00,3148,2057986,"Germany - Sweden, 2 - 1","['3148', '7047']",World_Cup,Germany - Sweden (2018-06-23)
424,2018-06-21 18:00:00,9598,2057974,"Argentina - Croatia, 0 - 3","['9598', '12274']",World_Cup,Argentina - Croatia (2018-06-21)
425,2018-06-20 12:00:00,9905,2057962,"Portugal - Morocco, 1 - 0","['9905', '16216']",World_Cup,Portugal - Morocco (2018-06-20)
426,2018-06-19 15:00:00,19314,2057996,"Poland - Senegal, 1 - 2","['13869', '19314']",World_Cup,Poland - Senegal (2018-06-19)
427,2018-06-19 12:00:00,12913,2057997,"Colombia - Japan, 1 - 2","['12430', '12913']",World_Cup,Colombia - Japan (2018-06-19)
428,2018-06-18 12:00:00,7047,2057985,"Sweden - Korea Republic, 1 - 0","['7047', '14855']",World_Cup,Sweden - Korea Republic (2018-06-18)
429,2018-06-14 15:00:00,14358,2057954,"Russia - Saudi Arabia, 5 - 0","['14358', '16521']",World_Cup,Russia - Saudi Arabia (2018-06-14)
430,2018-07-10 18:00:00,4418,2058014,"France - Belgium, 1 - 0","['4418', '5629']",World_Cup,France - Belgium (2018-07-10)
431,2018-07-06 18:00:00,5629,2058011,"Brazil - Belgium, 1 - 2","['5629', '6380']",World_Cup,Brazil - Belgium (2018-07-06)
432,2018-07-01 14:00:00,14358,2058004,"Spain - Russia, 1 - 1 (P)","['1598', '14358']",World_Cup,Spain - Russia (2018-07-01)
433,2018-06-28 18:00:00,5629,2057994,"England - Belgium, 0 - 1","['2413', '5629']",World_Cup,England - Belgium (2018-06-28)
434,2018-06-27 14:00:00,7047,2057989,"Mexico - Sweden, 0 - 3","['7047', '15473']",World_Cup,Mexico - Sweden (2018-06-27)
435,2018-06-26 18:00:00,12274,2057976,"Nigeria - Argentina, 1 - 2","['12274', '16823']",World_Cup,Nigeria - Argentina (2018-06-26)
436,2018-06-26 18:00:00,9598,2057977,"Iceland - Croatia, 1 - 2","['7839', '9598']",World_Cup,Iceland - Croatia (2018-06-26)
437,2018-06-26 14:00:00,0,2057970,"Denmark - France, 0 - 0","['4418', '7712']",World_Cup,Denmark - France (2018-06-26)
438,2018-06-24 12:00:00,2413,2057993,"England - Panama, 6 - 1","['2413', '17929']",World_Cup,England - Panama (2018-06-24)
439,2018-06-19 18:00:00,14358,2057956,"Russia - Egypt, 3 - 1","['14358', '16129']",World_Cup,Russia - Egypt (2018-06-19)
440,2018-06-18 18:00:00,2413,2057991,"Tunisia - England, 1 - 2","['2413', '16276']",World_Cup,Tunisia - England (2018-06-18)
441,2018-06-18 15:00:00,5629,2057990,"Belgium - Panama, 3 - 0","['5629', '17929']",World_Cup,Belgium - Panama (2018-06-18)
442,2018-06-17 12:00:00,17322,2057979,"Costa Rica - Serbia, 0 - 1","['16871', '17322']",World_Cup,Costa Rica - Serbia (2018-06-17)
443,2018-06-16 16:00:00,7712,2057967,"Peru - Denmark, 0 - 1","['7712', '15594']",World_Cup,Peru - Denmark (2018-06-16)
444,2018-05-20 18:45:00,676,2565922,"Barcelona - Real Sociedad, 1 - 0","['676', '687']",Spain,Barcelona - Real Sociedad (2018-05-20)
445,2018-05-20 16:30:00,0,2565925,"Atl\u00e9tico Madrid - Eibar, 2 - 2","['679', '701']",Spain,Atl\u00e9tico Madrid - Eibar (2018-05-20)
446,2018-05-20 10:00:00,674,2565924,"Valencia - Deportivo La Coru\u00f1a, 2 - 1","['674', '677']",Spain,Valencia - Deportivo La Coru\u00f1a (2018-05-20)
447,2018-05-19 14:15:00,712,2565926,"Legan\u00e9s - Real Betis, 3 - 2","['684', '712']",Spain,Legan\u00e9s - Real Betis (2018-05-19)
448,2018-05-13 14:15:00,691,2565910,"Espanyol - M\u00e1laga, 4 - 1","['683', '691']",Spain,Espanyol - M\u00e1laga (2018-05-13)
449,2018-05-12 15:30:00,679,2565913,"Getafe - Atl\u00e9tico Madrid, 0 - 1","['679', '698']",Spain,Getafe - Atl\u00e9tico Madrid (2018-05-12)
450,2018-05-12 15:30:00,701,2565915,"Eibar - Las Palmas, 1 - 0","['701', '714']",Spain,Eibar - Las Palmas (2018-05-12)
451,2018-05-09 19:30:00,680,2565882,"Sevilla - Real Madrid, 3 - 2","['675', '680']",Spain,Sevilla - Real Madrid (2018-05-09)
452,2018-05-05 11:00:00,701,2565904,"Girona - Eibar, 1 - 4","['701', '756']",Spain,Girona - Eibar (2018-05-05)
453,2018-04-22 14:15:00,683,2565883,"M\u00e1laga - Real Sociedad, 2 - 0","['683', '687']",Spain,M\u00e1laga - Real Sociedad (2018-04-22)
454,2018-04-22 10:00:00,691,2565880,"Girona - Espanyol, 0 - 2","['691', '756']",Spain,Girona - Espanyol (2018-04-22)
455,2018-04-21 11:00:00,698,2565881,"Eibar - Getafe, 0 - 1","['698', '701']",Spain,Eibar - Getafe (2018-04-21)
456,2018-04-18 16:30:00,698,2565875,"Valencia - Getafe, 1 - 2","['674', '698']",Spain,Valencia - Getafe (2018-04-18)
457,2018-04-17 17:30:00,0,2565873,"Deportivo La Coru\u00f1a - Sevilla, 0 - 0","['677', '680']",Spain,Deportivo La Coru\u00f1a - Sevilla (2018-04-17)
458,2018-05-20 14:15:00,691,2565919,"Athletic Club - Espanyol, 0 - 1","['678', '691']",Spain,Athletic Club - Espanyol (2018-05-20)
459,2018-05-19 16:30:00,680,2565920,"Sevilla - Deportivo Alav\u00e9s, 1 - 0","['680', '696']",Spain,Sevilla - Deportivo Alav\u00e9s (2018-05-19)
460,2018-05-19 16:30:00,698,2565921,"M\u00e1laga - Getafe, 0 - 1","['683', '698']",Spain,M\u00e1laga - Getafe (2018-05-19)
461,2018-05-19 11:00:00,692,2565918,"Celta de Vigo - Levante, 4 - 2","['692', '695']",Spain,Celta de Vigo - Levante (2018-05-19)
462,2018-05-12 15:30:00,674,2565908,"Girona - Valencia, 0 - 1","['674', '756']",Spain,Girona - Valencia (2018-05-12)
463,2018-05-12 15:30:00,696,2565909,"Deportivo Alav\u00e9s - Athletic Club, 3 - 1","['678', '696']",Spain,Deportivo Alav\u00e9s - Athletic Club (2018-05-12)
464,2018-05-12 16:30:00,682,2565911,"Deportivo La Coru\u00f1a - Villarreal, 2 - 4","['677', '682']",Spain,Deportivo La Coru\u00f1a - Villarreal (2018-05-12)
465,2018-05-12 13:15:00,687,2565916,"Real Sociedad - Legan\u00e9s, 3 - 2","['687', '712']",Spain,Real Sociedad - Legan\u00e9s (2018-05-12)
466,2018-05-07 19:00:00,695,2565900,"Legan\u00e9s - Levante, 0 - 3","['695', '712']",Spain,Legan\u00e9s - Levante (2018-05-07)
467,2018-05-06 14:15:00,691,2565899,"Atl\u00e9tico Madrid - Espanyol, 0 - 2","['679', '691']",Spain,Atl\u00e9tico Madrid - Espanyol (2018-05-06)
468,2018-05-06 10:00:00,696,2565906,"M\u00e1laga - Deportivo Alav\u00e9s, 0 - 3","['683', '696']",Spain,M\u00e1laga - Deportivo Alav\u00e9s (2018-05-06)
469,2018-05-05 16:30:00,0,2565902,"Celta de Vigo - Deportivo La Coru\u00f1a, 1 - 1","['677', '692']",Spain,Celta de Vigo - Deportivo La Coru\u00f1a (2018-05-05)
470,2018-04-29 14:15:00,679,2565896,"Deportivo Alav\u00e9s - Atl\u00e9tico Madrid, 0 - 1","['679', '696']",Spain,Deportivo Alav\u00e9s - Atl\u00e9tico Madrid (2018-04-29)
471,2018-04-20 19:00:00,0,2565887,"Legan\u00e9s - Deportivo La Coru\u00f1a, 0 - 0","['677', '712']",Spain,Legan\u00e9s - Deportivo La Coru\u00f1a (2018-04-20)
472,2018-04-18 18:30:00,0,2565876,"Real Madrid - Athletic Club, 1 - 1","['675', '678']",Spain,Real Madrid - Athletic Club (2018-04-18)
473,2018-04-18 16:30:00,701,2565871,"Espanyol - Eibar, 0 - 1","['691', '701']",Spain,Espanyol - Eibar (2018-04-18)
474,2018-05-12 15:30:00,0,2565914,"Real Betis - Sevilla, 2 - 2","['680', '684']",Spain,Real Betis - Sevilla (2018-05-12)
475,2018-05-04 19:00:00,680,2565905,"Sevilla - Real Sociedad, 1 - 0","['680', '687']",Spain,Sevilla - Real Sociedad (2018-05-04)
476,2018-04-29 18:45:00,676,2565889,"Deportivo La Coru\u00f1a - Barcelona, 2 - 4","['676', '677']",Spain,Deportivo La Coru\u00f1a - Barcelona (2018-04-29)
477,2018-04-28 16:30:00,675,2565891,"Real Madrid - Legan\u00e9s, 2 - 1","['675', '712']",Spain,Real Madrid - Legan\u00e9s (2018-04-28)
478,2018-04-28 14:15:00,687,2565894,"Real Sociedad - Athletic Club, 3 - 1","['678', '687']",Spain,Real Sociedad - Athletic Club (2018-04-28)
479,2018-04-21 14:15:00,0,2565878,"Celta de Vigo - Valencia, 1 - 1","['674', '692']",Spain,Celta de Vigo - Valencia (2018-04-21)
480,2018-04-19 19:30:00,684,2565877,"Real Betis - Las Palmas, 1 - 0","['684', '714']",Spain,Real Betis - Las Palmas (2018-04-19)
481,2018-04-19 17:30:00,756,2565870,"Deportivo Alav\u00e9s - Girona, 1 - 2","['696', '756']",Spain,Deportivo Alav\u00e9s - Girona (2018-04-19)
482,2018-04-17 19:00:00,0,2565874,"Celta de Vigo - Barcelona, 2 - 2","['676', '692']",Spain,Celta de Vigo - Barcelona (2018-04-17)
483,2018-04-15 18:45:00,675,2565867,"M\u00e1laga - Real Madrid, 1 - 2","['675', '683']",Spain,M\u00e1laga - Real Madrid (2018-04-15)
484,2018-05-19 18:45:00,0,2565927,"Villarreal - Real Madrid, 2 - 2","['675', '682']",Spain,Villarreal - Real Madrid (2018-05-19)
485,2018-05-19 16:30:00,756,2565923,"Las Palmas - Girona, 1 - 2","['714', '756']",Spain,Las Palmas - Girona (2018-05-19)
486,2018-05-13 18:45:00,695,2565917,"Levante - Barcelona, 5 - 4","['676', '695']",Spain,Levante - Barcelona (2018-05-13)
487,2018-05-12 18:45:00,675,2565912,"Real Madrid - Celta de Vigo, 6 - 0","['675', '692']",Spain,Real Madrid - Celta de Vigo (2018-05-12)
488,2018-05-09 18:00:00,676,2565884,"Barcelona - Villarreal, 5 - 1","['676', '682']",Spain,Barcelona - Villarreal (2018-05-09)
489,2018-05-06 18:45:00,0,2565907,"Barcelona - Real Madrid, 2 - 2","['675', '676']",Spain,Barcelona - Real Madrid (2018-05-06)
490,2018-05-06 16:30:00,698,2565898,"Las Palmas - Getafe, 0 - 1","['698', '714']",Spain,Las Palmas - Getafe (2018-05-06)
491,2018-05-05 18:45:00,682,2565901,"Villarreal - Valencia, 1 - 0","['674', '682']",Spain,Villarreal - Valencia (2018-05-05)
492,2018-05-05 14:15:00,678,2565903,"Athletic Club - Real Betis, 2 - 0","['678', '684']",Spain,Athletic Club - Real Betis (2018-05-05)
493,2018-04-30 19:00:00,684,2565893,"Real Betis - M\u00e1laga, 2 - 1","['683', '684']",Spain,Real Betis - M\u00e1laga (2018-04-30)
494,2018-04-29 16:30:00,0,2565890,"Valencia - Eibar, 0 - 0","['674', '701']",Spain,Valencia - Eibar (2018-04-29)
495,2018-04-29 10:00:00,0,2565892,"Getafe - Girona, 1 - 1","['698', '756']",Spain,Getafe - Girona (2018-04-29)
496,2018-04-28 18:45:00,682,2565888,"Villarreal - Celta de Vigo, 4 - 1","['682', '692']",Spain,Villarreal - Celta de Vigo (2018-04-28)
497,2018-04-28 11:00:00,0,2565897,"Espanyol - Las Palmas, 1 - 1","['691', '714']",Spain,Espanyol - Las Palmas (2018-04-28)
498,2018-04-27 19:00:00,695,2565895,"Levante - Sevilla, 2 - 1","['680', '695']",Spain,Levante - Sevilla (2018-04-27)
499,2018-04-23 19:00:00,695,2565879,"Athletic Club - Levante, 1 - 3","['678', '695']",Spain,Athletic Club - Levante (2018-04-23)
500,2018-04-22 18:45:00,0,2565886,"Atl\u00e9tico Madrid - Real Betis, 0 - 0","['679', '684']",Spain,Atl\u00e9tico Madrid - Real Betis (2018-04-22)
501,2018-04-22 16:30:00,696,2565885,"Las Palmas - Deportivo Alav\u00e9s, 0 - 4","['696', '714']",Spain,Las Palmas - Deportivo Alav\u00e9s (2018-04-22)
502,2018-04-19 19:30:00,695,2565869,"Levante - M\u00e1laga, 1 - 0","['683', '695']",Spain,Levante - M\u00e1laga (2018-04-19)
503,2018-04-19 17:30:00,687,2565868,"Real Sociedad - Atl\u00e9tico Madrid, 3 - 0","['679', '687']",Spain,Real Sociedad - Atl\u00e9tico Madrid (2018-04-19)
504,2018-04-17 19:30:00,682,2565872,"Villarreal - Legan\u00e9s, 2 - 1","['682', '712']",Spain,Villarreal - Legan\u00e9s (2018-04-17)
505,2018-04-08 18:45:00,674,2565851,"Valencia - Espanyol, 1 - 0","['674', '691']",Spain,Valencia - Espanyol (2018-04-08)
506,2018-04-08 16:30:00,687,2565854,"Real Sociedad - Girona, 5 - 0","['687', '756']",Spain,Real Sociedad - Girona (2018-04-08)
507,2018-04-08 10:00:00,695,2565855,"Levante - Las Palmas, 2 - 1","['695', '714']",Spain,Levante - Las Palmas (2018-04-08)
508,2018-04-01 16:30:00,683,2565846,"M\u00e1laga - Villarreal, 1 - 0","['682', '683']",Spain,M\u00e1laga - Villarreal (2018-04-01)
509,2018-03-18 17:30:00,682,2565832,"Villarreal - Atl\u00e9tico Madrid, 2 - 1","['679', '682']",Spain,Villarreal - Atl\u00e9tico Madrid (2018-03-18)
510,2018-03-18 15:15:00,676,2565830,"Barcelona - Athletic Club, 2 - 0","['676', '678']",Spain,Barcelona - Athletic Club (2018-03-18)
511,2018-03-18 11:00:00,712,2565831,"Legan\u00e9s - Sevilla, 2 - 1","['680', '712']",Spain,Legan\u00e9s - Sevilla (2018-03-18)
512,2018-03-11 11:00:00,691,2565823,"Espanyol - Real Sociedad, 2 - 1","['687', '691']",Spain,Espanyol - Real Sociedad (2018-03-11)
513,2018-03-10 17:30:00,695,2565825,"Getafe - Levante, 0 - 1","['695', '698']",Spain,Getafe - Levante (2018-03-10)
514,2018-03-10 12:00:00,675,2565818,"Eibar - Real Madrid, 1 - 2","['675', '701']",Spain,Eibar - Real Madrid (2018-03-10)
515,2018-03-09 20:00:00,756,2565827,"Girona - Deportivo La Coru\u00f1a, 2 - 0","['677', '756']",Spain,Girona - Deportivo La Coru\u00f1a (2018-03-09)
516,2018-03-04 17:30:00,687,2565815,"Real Sociedad - Deportivo Alav\u00e9s, 2 - 1","['687', '696']",Spain,Real Sociedad - Deportivo Alav\u00e9s (2018-03-04)
517,2018-03-03 19:45:00,675,2565812,"Real Madrid - Getafe, 3 - 1","['675', '698']",Spain,Real Madrid - Getafe (2018-03-03)
518,2018-03-03 12:00:00,756,2565809,"Villarreal - Girona, 0 - 2","['682', '756']",Spain,Villarreal - Girona (2018-03-03)
519,2018-03-01 20:30:00,696,2565798,"Deportivo Alav\u00e9s - Levante, 1 - 0","['695', '696']",Spain,Deportivo Alav\u00e9s - Levante (2018-03-01)
520,2018-04-15 14:15:00,679,2565860,"Atl\u00e9tico Madrid - Levante, 3 - 0","['679', '695']",Spain,Atl\u00e9tico Madrid - Levante (2018-04-15)
521,2018-04-14 18:45:00,677,2565863,"Athletic Club - Deportivo La Coru\u00f1a, 2 - 3","['677', '678']",Spain,Athletic Club - Deportivo La Coru\u00f1a (2018-04-14)
522,2018-04-14 11:00:00,0,2565866,"Sevilla - Villarreal, 2 - 2","['680', '682']",Spain,Sevilla - Villarreal (2018-04-14)
523,2018-04-08 14:15:00,0,2565852,"Real Madrid - Atl\u00e9tico Madrid, 1 - 1","['675', '679']",Spain,Real Madrid - Atl\u00e9tico Madrid (2018-04-08)
524,2018-04-07 16:30:00,684,2565853,"Real Betis - Eibar, 2 - 0","['684', '701']",Spain,Real Betis - Eibar (2018-04-07)
525,2018-04-06 19:00:00,677,2565849,"Deportivo La Coru\u00f1a - M\u00e1laga, 3 - 2","['677', '683']",Spain,Deportivo La Coru\u00f1a - M\u00e1laga (2018-04-06)
526,2018-04-01 16:30:00,0,2565844,"Eibar - Real Sociedad, 0 - 0","['687', '701']",Spain,Eibar - Real Sociedad (2018-04-01)
527,2018-04-01 14:15:00,674,2565840,"Legan\u00e9s - Valencia, 0 - 1","['674', '712']",Spain,Legan\u00e9s - Valencia (2018-04-01)
528,2018-03-31 18:45:00,0,2565845,"Sevilla - Barcelona, 2 - 2","['676', '680']",Spain,Sevilla - Barcelona (2018-03-31)
529,2018-03-31 11:00:00,0,2565843,"Girona - Levante, 1 - 1","['695', '756']",Spain,Girona - Levante (2018-03-31)
530,2018-03-18 19:45:00,675,2565836,"Real Madrid - Girona, 6 - 3","['675', '756']",Spain,Real Madrid - Girona (2018-03-18)
531,2018-03-17 12:00:00,0,2565833,"Deportivo La Coru\u00f1a - Las Palmas, 1 - 1","['677', '714']",Spain,Deportivo La Coru\u00f1a - Las Palmas (2018-03-17)
532,2018-03-11 17:30:00,682,2565821,"Las Palmas - Villarreal, 0 - 2","['682', '714']",Spain,Las Palmas - Villarreal (2018-03-11)
533,2018-03-11 15:15:00,679,2565824,"Atl\u00e9tico Madrid - Celta de Vigo, 3 - 0","['679', '692']",Spain,Atl\u00e9tico Madrid - Celta de Vigo (2018-03-11)
534,2018-03-05 20:00:00,692,2565813,"Celta de Vigo - Las Palmas, 2 - 1","['692', '714']",Spain,Celta de Vigo - Las Palmas (2018-03-05)
535,2018-03-03 15:15:00,680,2565814,"Sevilla - Athletic Club, 2 - 0","['678', '680']",Spain,Sevilla - Athletic Club (2018-03-03)
536,2018-03-01 20:00:00,0,2565807,"Las Palmas - Barcelona, 1 - 1","['676', '714']",Spain,Las Palmas - Barcelona (2018-03-01)
537,2018-04-15 16:30:00,0,2565862,"Getafe - Espanyol, 1 - 0","['691', '698']",Spain,Getafe - Espanyol (2018-04-15)
538,2018-04-14 16:30:00,687,2565859,"Las Palmas - Real Sociedad, 0 - 1","['687', '714']",Spain,Las Palmas - Real Sociedad (2018-04-14)
539,2018-04-07 18:45:00,676,2565856,"Barcelona - Legan\u00e9s, 3 - 1","['676', '712']",Spain,Barcelona - Legan\u00e9s (2018-04-07)
540,2018-04-01 18:45:00,679,2565839,"Atl\u00e9tico Madrid - Deportivo La Coru\u00f1a, 1 - 0","['677', '679']",Spain,Atl\u00e9tico Madrid - Deportivo La Coru\u00f1a (2018-04-01)
541,2018-03-31 14:15:00,0,2565842,"Athletic Club - Celta de Vigo, 1 - 1","['678', '692']",Spain,Athletic Club - Celta de Vigo (2018-03-31)
542,2018-03-17 19:45:00,684,2565837,"Real Betis - Espanyol, 3 - 0","['684', '691']",Spain,Real Betis - Espanyol (2018-03-17)
543,2018-03-17 15:15:00,674,2565835,"Valencia - Deportivo Alav\u00e9s, 3 - 1","['674', '696']",Spain,Valencia - Deportivo Alav\u00e9s (2018-03-17)
544,2018-03-16 20:00:00,695,2565829,"Levante - Eibar, 2 - 1","['695', '701']",Spain,Levante - Eibar (2018-03-16)
545,2018-03-12 20:00:00,684,2565822,"Deportivo Alav\u00e9s - Real Betis, 1 - 3","['684', '696']",Spain,Deportivo Alav\u00e9s - Real Betis (2018-03-12)
546,2018-03-11 19:45:00,678,2565826,"Athletic Club - Legan\u00e9s, 2 - 0","['678', '712']",Spain,Athletic Club - Legan\u00e9s (2018-03-11)
547,2018-03-10 19:45:00,676,2565820,"M\u00e1laga - Barcelona, 0 - 2","['676', '683']",Spain,M\u00e1laga - Barcelona (2018-03-10)
548,2018-03-04 15:15:00,676,2565817,"Barcelona - Atl\u00e9tico Madrid, 1 - 0","['676', '679']",Spain,Barcelona - Atl\u00e9tico Madrid (2018-03-04)
549,2018-03-03 17:30:00,712,2565808,"Legan\u00e9s - M\u00e1laga, 2 - 0","['683', '712']",Spain,Legan\u00e9s - M\u00e1laga (2018-03-03)
550,2018-04-15 10:00:00,696,2565865,"Eibar - Deportivo Alav\u00e9s, 0 - 1","['696', '701']",Spain,Eibar - Deportivo Alav\u00e9s (2018-04-15)
551,2018-04-14 16:30:00,712,2565861,"Legan\u00e9s - Celta de Vigo, 1 - 0","['692', '712']",Spain,Legan\u00e9s - Celta de Vigo (2018-04-14)
552,2018-04-14 14:15:00,676,2565858,"Barcelona - Valencia, 2 - 1","['674', '676']",Spain,Barcelona - Valencia (2018-04-14)
553,2018-04-13 19:00:00,684,2565864,"Girona - Real Betis, 0 - 1","['684', '756']",Spain,Girona - Real Betis (2018-04-13)
554,2018-04-09 19:00:00,678,2565848,"Villarreal - Athletic Club, 1 - 3","['678', '682']",Spain,Villarreal - Athletic Club (2018-04-09)
555,2018-04-07 14:15:00,692,2565850,"Celta de Vigo - Sevilla, 4 - 0","['680', '692']",Spain,Celta de Vigo - Sevilla (2018-04-07)
556,2018-04-07 11:00:00,696,2565857,"Deportivo Alav\u00e9s - Getafe, 2 - 0","['696', '698']",Spain,Deportivo Alav\u00e9s - Getafe (2018-04-07)
557,2018-04-02 19:00:00,684,2565841,"Getafe - Real Betis, 0 - 1","['684', '698']",Spain,Getafe - Real Betis (2018-04-02)
558,2018-04-01 10:00:00,0,2565838,"Espanyol - Deportivo Alav\u00e9s, 0 - 0","['691', '696']",Spain,Espanyol - Deportivo Alav\u00e9s (2018-04-01)
559,2018-03-31 16:30:00,675,2565847,"Las Palmas - Real Madrid, 0 - 3","['675', '714']",Spain,Las Palmas - Real Madrid (2018-03-31)
560,2018-03-18 17:30:00,0,2565834,"Celta de Vigo - M\u00e1laga, 0 - 0","['683', '692']",Spain,Celta de Vigo - M\u00e1laga (2018-03-18)
561,2018-03-17 17:30:00,698,2565828,"Real Sociedad - Getafe, 1 - 2","['687', '698']",Spain,Real Sociedad - Getafe (2018-03-17)
562,2018-03-10 15:15:00,674,2565819,"Sevilla - Valencia, 0 - 2","['674', '680']",Spain,Sevilla - Valencia (2018-03-10)
563,2018-03-04 19:45:00,674,2565811,"Valencia - Real Betis, 2 - 0","['674', '684']",Spain,Valencia - Real Betis (2018-03-04)
564,2018-03-04 11:00:00,0,2565816,"Levante - Espanyol, 1 - 1","['691', '695']",Spain,Levante - Espanyol (2018-03-04)
565,2018-03-03 17:30:00,0,2565810,"Deportivo La Coru\u00f1a - Eibar, 1 - 1","['677', '701']",Spain,Deportivo La Coru\u00f1a - Eibar (2018-03-03)
566,2018-02-28 20:30:00,701,2565805,"Eibar - Villarreal, 1 - 0","['682', '701']",Spain,Eibar - Villarreal (2018-02-28)
567,2018-02-28 18:30:00,698,2565801,"Getafe - Deportivo La Coru\u00f1a, 3 - 0","['677', '698']",Spain,Getafe - Deportivo La Coru\u00f1a (2018-02-28)
568,2018-02-27 20:30:00,756,2565803,"Girona - Celta de Vigo, 1 - 0","['692', '756']",Spain,Girona - Celta de Vigo (2018-02-27)
569,2018-02-25 17:30:00,674,2565795,"Valencia - Real Sociedad, 2 - 1","['674', '687']",Spain,Valencia - Real Sociedad (2018-02-25)
570,2018-02-25 15:15:00,678,2565788,"Athletic Club - M\u00e1laga, 2 - 1","['678', '683']",Spain,Athletic Club - M\u00e1laga (2018-02-25)
571,2018-02-24 17:30:00,0,2565792,"Legan\u00e9s - Las Palmas, 0 - 0","['712', '714']",Spain,Legan\u00e9s - Las Palmas (2018-02-24)
572,2018-02-24 12:00:00,692,2565797,"Celta de Vigo - Eibar, 2 - 0","['692', '701']",Spain,Celta de Vigo - Eibar (2018-02-24)
573,2018-02-23 20:00:00,0,2565794,"Deportivo La Coru\u00f1a - Espanyol, 0 - 0","['677', '691']",Spain,Deportivo La Coru\u00f1a - Espanyol (2018-02-23)
574,2018-02-17 15:15:00,676,2565781,"Eibar - Barcelona, 0 - 2","['676', '701']",Spain,Eibar - Barcelona (2018-02-17)
575,2018-02-11 19:45:00,674,2565771,"Valencia - Levante, 3 - 1","['674', '695']",Spain,Valencia - Levante (2018-02-11)
576,2018-02-11 15:15:00,0,2565777,"Barcelona - Getafe, 0 - 0","['676', '698']",Spain,Barcelona - Getafe (2018-02-11)
577,2018-02-11 11:00:00,680,2565775,"Sevilla - Girona, 1 - 0","['680', '756']",Spain,Sevilla - Girona (2018-02-11)
578,2018-02-10 17:30:00,701,2565768,"Legan\u00e9s - Eibar, 0 - 1","['701', '712']",Spain,Legan\u00e9s - Eibar (2018-02-10)
579,2018-02-04 15:15:00,0,2565759,"Espanyol - Barcelona, 1 - 1","['676', '691']",Spain,Espanyol - Barcelona (2018-02-04)
580,2018-02-03 17:30:00,696,2565758,"Deportivo Alav\u00e9s - Celta de Vigo, 2 - 1","['692', '696']",Spain,Deportivo Alav\u00e9s - Celta de Vigo (2018-02-03)
581,2018-01-28 17:30:00,0,2565752,"Sevilla - Getafe, 1 - 1","['680', '698']",Spain,Sevilla - Getafe (2018-01-28)
582,2018-01-28 11:00:00,712,2565756,"Legan\u00e9s - Espanyol, 3 - 2","['691', '712']",Spain,Legan\u00e9s - Espanyol (2018-01-28)
583,2018-01-27 15:15:00,675,2565749,"Valencia - Real Madrid, 1 - 4","['674', '675']",Spain,Valencia - Real Madrid (2018-01-27)
584,2018-01-22 20:00:00,0,2565741,"Eibar - M\u00e1laga, 1 - 1","['683', '701']",Spain,Eibar - M\u00e1laga (2018-01-22)
585,2018-02-28 18:30:00,680,2565806,"M\u00e1laga - Sevilla, 0 - 1","['680', '683']",Spain,M\u00e1laga - Sevilla (2018-02-28)
586,2018-02-19 20:00:00,698,2565778,"Getafe - Celta de Vigo, 3 - 0","['692', '698']",Spain,Getafe - Celta de Vigo (2018-02-19)
587,2018-02-17 19:45:00,674,2565782,"M\u00e1laga - Valencia, 1 - 2","['674', '683']",Spain,M\u00e1laga - Valencia (2018-02-17)
588,2018-02-17 17:30:00,696,2565785,"Deportivo Alav\u00e9s - Deportivo La Coru\u00f1a, 1 - 0","['677', '696']",Spain,Deportivo Alav\u00e9s - Deportivo La Coru\u00f1a (2018-02-17)
589,2018-02-16 20:00:00,756,2565779,"Girona - Legan\u00e9s, 3 - 0","['712', '756']",Spain,Girona - Legan\u00e9s (2018-02-16)
590,2018-02-10 12:00:00,696,2565769,"Villarreal - Deportivo Alav\u00e9s, 1 - 2","['682', '696']",Spain,Villarreal - Deportivo Alav\u00e9s (2018-02-10)
591,2018-01-27 12:00:00,0,2565748,"Deportivo La Coru\u00f1a - Levante, 2 - 2","['677', '695']",Spain,Deportivo La Coru\u00f1a - Levante (2018-01-27)
592,2018-03-01 18:30:00,0,2565804,"Real Betis - Real Sociedad, 0 - 0","['684', '687']",Spain,Real Betis - Real Sociedad (2018-03-01)
593,2018-02-28 20:30:00,679,2565800,"Atl\u00e9tico Madrid - Legan\u00e9s, 4 - 0","['679', '712']",Spain,Atl\u00e9tico Madrid - Legan\u00e9s (2018-02-28)
594,2018-02-28 18:30:00,0,2565802,"Athletic Club - Valencia, 1 - 1","['674', '678']",Spain,Athletic Club - Valencia (2018-02-28)
595,2018-02-27 19:00:00,691,2565799,"Espanyol - Real Madrid, 1 - 0","['675', '691']",Spain,Espanyol - Real Madrid (2018-02-27)
596,2018-02-25 19:45:00,679,2565789,"Sevilla - Atl\u00e9tico Madrid, 2 - 5","['679', '680']",Spain,Sevilla - Atl\u00e9tico Madrid (2018-02-25)
597,2018-02-25 11:00:00,682,2565793,"Villarreal - Getafe, 1 - 0","['682', '698']",Spain,Villarreal - Getafe (2018-02-25)
598,2018-02-24 19:45:00,676,2565791,"Barcelona - Girona, 6 - 1","['676', '756']",Spain,Barcelona - Girona (2018-02-24)
599,2018-02-24 15:15:00,675,2565796,"Real Madrid - Deportivo Alav\u00e9s, 4 - 0","['675', '696']",Spain,Real Madrid - Deportivo Alav\u00e9s (2018-02-24)
600,2018-02-21 17:45:00,675,2565707,"Legan\u00e9s - Real Madrid, 1 - 3","['675', '712']",Spain,Legan\u00e9s - Real Madrid (2018-02-21)
601,2018-02-18 19:45:00,675,2565780,"Real Betis - Real Madrid, 3 - 5","['675', '684']",Spain,Real Betis - Real Madrid (2018-02-18)
602,2018-02-18 17:30:00,0,2565786,"Espanyol - Villarreal, 1 - 1","['682', '691']",Spain,Espanyol - Villarreal (2018-02-18)
603,2018-02-18 11:00:00,687,2565783,"Real Sociedad - Levante, 3 - 0","['687', '695']",Spain,Real Sociedad - Levante (2018-02-18)
604,2018-02-12 20:00:00,684,2565770,"Deportivo La Coru\u00f1a - Real Betis, 0 - 1","['677', '684']",Spain,Deportivo La Coru\u00f1a - Real Betis (2018-02-12)
605,2018-02-10 19:45:00,675,2565772,"Real Madrid - Real Sociedad, 5 - 2","['675', '687']",Spain,Real Madrid - Real Sociedad (2018-02-10)
606,2018-02-05 20:00:00,714,2565767,"Las Palmas - M\u00e1laga, 1 - 0","['683', '714']",Spain,Las Palmas - M\u00e1laga (2018-02-05)
607,2018-02-04 19:45:00,679,2565760,"Atl\u00e9tico Madrid - Valencia, 1 - 0","['674', '679']",Spain,Atl\u00e9tico Madrid - Valencia (2018-02-04)
608,2018-02-04 17:30:00,756,2565762,"Girona - Athletic Club, 2 - 0","['678', '756']",Spain,Girona - Athletic Club (2018-02-04)
609,2018-02-04 11:00:00,0,2565761,"Getafe - Legan\u00e9s, 0 - 0","['698', '712']",Spain,Getafe - Legan\u00e9s (2018-02-04)
610,2018-02-02 20:00:00,687,2565765,"Real Sociedad - Deportivo La Coru\u00f1a, 5 - 0","['677', '687']",Spain,Real Sociedad - Deportivo La Coru\u00f1a (2018-02-02)
611,2018-01-29 20:00:00,692,2565750,"Celta de Vigo - Real Betis, 3 - 2","['684', '692']",Spain,Celta de Vigo - Real Betis (2018-01-29)
612,2018-01-26 20:00:00,0,2565751,"Athletic Club - Eibar, 1 - 1","['678', '701']",Spain,Athletic Club - Eibar (2018-01-26)
613,2018-01-21 19:45:00,676,2565740,"Real Betis - Barcelona, 0 - 5","['676', '684']",Spain,Real Betis - Barcelona (2018-01-21)
614,2018-02-26 20:00:00,684,2565790,"Levante - Real Betis, 0 - 2","['684', '695']",Spain,Levante - Real Betis (2018-02-26)
615,2018-02-18 15:15:00,679,2565787,"Atl\u00e9tico Madrid - Athletic Club, 2 - 0","['678', '679']",Spain,Atl\u00e9tico Madrid - Athletic Club (2018-02-18)
616,2018-02-17 12:00:00,680,2565784,"Las Palmas - Sevilla, 1 - 2","['680', '714']",Spain,Las Palmas - Sevilla (2018-02-17)
617,2018-02-11 17:30:00,0,2565773,"Celta de Vigo - Espanyol, 2 - 2","['691', '692']",Spain,Celta de Vigo - Espanyol (2018-02-11)
618,2018-02-10 15:15:00,679,2565776,"M\u00e1laga - Atl\u00e9tico Madrid, 0 - 1","['679', '683']",Spain,M\u00e1laga - Atl\u00e9tico Madrid (2018-02-10)
619,2018-02-09 20:00:00,0,2565774,"Athletic Club - Las Palmas, 0 - 0","['678', '714']",Spain,Athletic Club - Las Palmas (2018-02-09)
620,2018-02-03 19:45:00,0,2565766,"Levante - Real Madrid, 2 - 2","['675', '695']",Spain,Levante - Real Madrid (2018-02-03)
621,2018-02-03 15:15:00,684,2565763,"Real Betis - Villarreal, 2 - 1","['682', '684']",Spain,Real Betis - Villarreal (2018-02-03)
622,2018-02-03 12:00:00,701,2565764,"Eibar - Sevilla, 5 - 1","['680', '701']",Spain,Eibar - Sevilla (2018-02-03)
623,2018-01-28 19:45:00,676,2565754,"Barcelona - Deportivo Alav\u00e9s, 2 - 1","['676', '696']",Spain,Barcelona - Deportivo Alav\u00e9s (2018-01-28)
624,2018-01-28 15:15:00,679,2565755,"Atl\u00e9tico Madrid - Las Palmas, 3 - 0","['679', '714']",Spain,Atl\u00e9tico Madrid - Las Palmas (2018-01-28)
625,2018-01-27 19:45:00,682,2565757,"Villarreal - Real Sociedad, 4 - 2","['682', '687']",Spain,Villarreal - Real Sociedad (2018-01-27)
626,2018-01-27 17:30:00,0,2565753,"M\u00e1laga - Girona, 0 - 0","['683', '756']",Spain,M\u00e1laga - Girona (2018-01-27)
627,2018-01-21 17:30:00,692,2565742,"Real Sociedad - Celta de Vigo, 1 - 2","['687', '692']",Spain,Real Sociedad - Celta de Vigo (2018-01-21)
628,2018-01-19 20:00:00,0,2565739,"Getafe - Athletic Club, 2 - 2","['678', '698']",Spain,Getafe - Athletic Club (2018-01-19)
629,2018-01-14 19:45:00,676,2565737,"Real Sociedad - Barcelona, 2 - 4","['676', '687']",Spain,Real Sociedad - Barcelona (2018-01-14)
630,2018-01-13 17:30:00,679,2565736,"Eibar - Atl\u00e9tico Madrid, 0 - 1","['679', '701']",Spain,Eibar - Atl\u00e9tico Madrid (2018-01-13)
631,2018-01-07 17:30:00,678,2565724,"Athletic Club - Deportivo Alav\u00e9s, 2 - 0","['678', '696']",Spain,Athletic Club - Deportivo Alav\u00e9s (2018-01-07)
632,2018-01-06 12:00:00,679,2565727,"Atl\u00e9tico Madrid - Getafe, 2 - 0","['679', '698']",Spain,Atl\u00e9tico Madrid - Getafe (2018-01-06)
633,2017-12-21 20:30:00,696,2565716,"Deportivo Alav\u00e9s - M\u00e1laga, 1 - 0","['683', '696']",Spain,Deportivo Alav\u00e9s - M\u00e1laga (2017-12-21)
634,2017-12-19 20:30:00,0,2565708,"Levante - Legan\u00e9s, 0 - 0","['695', '712']",Spain,Levante - Legan\u00e9s (2017-12-19)
635,2017-12-18 20:00:00,684,2565702,"M\u00e1laga - Real Betis, 0 - 2","['683', '684']",Spain,M\u00e1laga - Real Betis (2017-12-18)
636,2017-12-17 17:30:00,0,2565705,"Las Palmas - Espanyol, 2 - 2","['691', '714']",Spain,Las Palmas - Espanyol (2017-12-17)
637,2017-12-17 11:00:00,756,2565706,"Girona - Getafe, 1 - 0","['698', '756']",Spain,Girona - Getafe (2017-12-17)
638,2017-12-10 15:15:00,679,2565697,"Real Betis - Atl\u00e9tico Madrid, 0 - 1","['679', '684']",Spain,Real Betis - Atl\u00e9tico Madrid (2017-12-10)
639,2017-12-09 12:00:00,0,2565696,"Getafe - Eibar, 0 - 0","['698', '701']",Spain,Getafe - Eibar (2017-12-09)
640,2017-12-08 20:00:00,696,2565689,"Deportivo Alav\u00e9s - Las Palmas, 2 - 0","['696', '714']",Spain,Deportivo Alav\u00e9s - Las Palmas (2017-12-08)
641,2017-12-04 20:00:00,696,2565683,"Girona - Deportivo Alav\u00e9s, 2 - 3","['696', '756']",Spain,Girona - Deportivo Alav\u00e9s (2017-12-04)
642,2017-12-03 19:45:00,714,2565682,"Las Palmas - Real Betis, 1 - 0","['684', '714']",Spain,Las Palmas - Real Betis (2017-12-03)
643,2018-01-15 20:00:00,684,2565735,"Real Betis - Legan\u00e9s, 3 - 2","['684', '712']",Spain,Real Betis - Legan\u00e9s (2018-01-15)
644,2018-01-14 11:00:00,692,2565731,"Levante - Celta de Vigo, 0 - 1","['692', '695']",Spain,Levante - Celta de Vigo (2018-01-14)
645,2018-01-13 19:45:00,674,2565732,"Deportivo La Coru\u00f1a - Valencia, 1 - 2","['674', '677']",Spain,Deportivo La Coru\u00f1a - Valencia (2018-01-13)
646,2018-01-13 12:00:00,756,2565728,"Girona - Las Palmas, 6 - 0","['714', '756']",Spain,Girona - Las Palmas (2018-01-13)
647,2018-01-08 20:00:00,691,2565726,"M\u00e1laga - Espanyol, 0 - 1","['683', '691']",Spain,M\u00e1laga - Espanyol (2018-01-08)
648,2018-01-07 17:30:00,0,2565720,"Villarreal - Deportivo La Coru\u00f1a, 1 - 1","['677', '682']",Spain,Villarreal - Deportivo La Coru\u00f1a (2018-01-07)
649,2017-12-23 15:15:00,682,2565710,"Valencia - Villarreal, 0 - 1","['674', '682']",Spain,Valencia - Villarreal (2017-12-23)
650,2017-12-23 12:00:00,676,2565711,"Real Madrid - Barcelona, 0 - 3","['675', '676']",Spain,Real Madrid - Barcelona (2017-12-23)
651,2017-12-20 20:30:00,687,2565715,"Real Sociedad - Sevilla, 3 - 1","['680', '687']",Spain,Real Sociedad - Sevilla (2017-12-20)
652,2017-12-17 15:15:00,682,2565699,"Celta de Vigo - Villarreal, 0 - 1","['682', '692']",Spain,Celta de Vigo - Villarreal (2017-12-17)
653,2017-12-16 17:30:00,701,2565698,"Eibar - Valencia, 2 - 1","['674', '701']",Spain,Eibar - Valencia (2017-12-16)
654,2017-12-11 20:00:00,756,2565690,"Espanyol - Girona, 0 - 1","['691', '756']",Spain,Espanyol - Girona (2017-12-11)
655,2017-12-10 17:30:00,678,2565691,"Levante - Athletic Club, 1 - 2","['678', '695']",Spain,Levante - Athletic Club (2017-12-10)
656,2017-12-09 17:30:00,677,2565693,"Deportivo La Coru\u00f1a - Legan\u00e9s, 1 - 0","['677', '712']",Spain,Deportivo La Coru\u00f1a - Legan\u00e9s (2017-12-09)
657,2017-12-03 17:30:00,701,2565686,"Eibar - Espanyol, 3 - 1","['691', '701']",Spain,Eibar - Espanyol (2017-12-03)
658,2018-01-20 17:30:00,682,2565745,"Villarreal - Levante, 2 - 1","['682', '695']",Spain,Villarreal - Levante (2018-01-20)
659,2018-01-14 17:30:00,0,2565730,"Espanyol - Athletic Club, 1 - 1","['678', '691']",Spain,Espanyol - Athletic Club (2018-01-14)
660,2018-01-14 15:15:00,696,2565729,"Deportivo Alav\u00e9s - Sevilla, 1 - 0","['680', '696']",Spain,Deportivo Alav\u00e9s - Sevilla (2018-01-14)
661,2018-01-12 20:00:00,698,2565734,"Getafe - M\u00e1laga, 1 - 0","['683', '698']",Spain,Getafe - M\u00e1laga (2018-01-12)
662,2018-01-07 15:15:00,676,2565718,"Barcelona - Levante, 3 - 0","['676', '695']",Spain,Barcelona - Levante (2018-01-07)
663,2018-01-06 19:45:00,684,2565725,"Sevilla - Real Betis, 3 - 5","['680', '684']",Spain,Sevilla - Real Betis (2018-01-06)
664,2017-12-22 20:30:00,691,2565717,"Espanyol - Atl\u00e9tico Madrid, 1 - 0","['679', '691']",Spain,Espanyol - Atl\u00e9tico Madrid (2017-12-22)
665,2017-12-22 18:30:00,678,2565713,"Real Betis - Athletic Club, 0 - 2","['678', '684']",Spain,Real Betis - Athletic Club (2017-12-22)
666,2017-12-21 18:30:00,701,2565714,"Eibar - Girona, 4 - 1","['701', '756']",Spain,Eibar - Girona (2017-12-21)
667,2017-12-17 19:45:00,676,2565704,"Barcelona - Deportivo La Coru\u00f1a, 4 - 0","['676', '677']",Spain,Barcelona - Deportivo La Coru\u00f1a (2017-12-17)
668,2017-12-10 19:45:00,676,2565692,"Villarreal - Barcelona, 0 - 2","['676', '682']",Spain,Villarreal - Barcelona (2017-12-10)
669,2017-12-09 19:45:00,674,2565694,"Valencia - Celta de Vigo, 2 - 1","['674', '692']",Spain,Valencia - Celta de Vigo (2017-12-09)
670,2017-12-09 15:15:00,675,2565695,"Real Madrid - Sevilla, 5 - 0","['675', '680']",Spain,Real Madrid - Sevilla (2017-12-09)
671,2017-12-03 15:15:00,698,2565684,"Getafe - Valencia, 1 - 0","['674', '698']",Spain,Getafe - Valencia (2017-12-03)
672,2018-01-21 15:15:00,675,2565738,"Real Madrid - Deportivo La Coru\u00f1a, 7 - 1","['675', '677']",Spain,Real Madrid - Deportivo La Coru\u00f1a (2018-01-21)
673,2018-01-21 11:00:00,0,2565746,"Deportivo Alav\u00e9s - Legan\u00e9s, 2 - 2","['696', '712']",Spain,Deportivo Alav\u00e9s - Legan\u00e9s (2018-01-21)
674,2018-01-20 19:45:00,714,2565744,"Las Palmas - Valencia, 2 - 1","['674', '714']",Spain,Las Palmas - Valencia (2018-01-20)
675,2018-01-20 15:15:00,0,2565743,"Atl\u00e9tico Madrid - Girona, 1 - 1","['679', '756']",Spain,Atl\u00e9tico Madrid - Girona (2018-01-20)
676,2018-01-20 12:00:00,680,2565747,"Espanyol - Sevilla, 0 - 3","['680', '691']",Spain,Espanyol - Sevilla (2018-01-20)
677,2018-01-13 15:15:00,682,2565733,"Real Madrid - Villarreal, 0 - 1","['675', '682']",Spain,Real Madrid - Villarreal (2018-01-13)
678,2018-01-07 19:45:00,0,2565723,"Celta de Vigo - Real Madrid, 2 - 2","['675', '692']",Spain,Celta de Vigo - Real Madrid (2018-01-07)
679,2018-01-07 11:00:00,712,2565721,"Legan\u00e9s - Real Sociedad, 1 - 0","['687', '712']",Spain,Legan\u00e9s - Real Sociedad (2018-01-07)
680,2018-01-06 17:30:00,701,2565719,"Las Palmas - Eibar, 1 - 2","['701', '714']",Spain,Las Palmas - Eibar (2018-01-06)
681,2018-01-06 15:15:00,674,2565722,"Valencia - Girona, 2 - 1","['674', '756']",Spain,Valencia - Girona (2018-01-06)
682,2017-12-23 17:30:00,692,2565709,"Deportivo La Coru\u00f1a - Celta de Vigo, 1 - 3","['677', '692']",Spain,Deportivo La Coru\u00f1a - Celta de Vigo (2017-12-23)
683,2017-12-20 18:30:00,698,2565712,"Getafe - Las Palmas, 2 - 0","['698', '714']",Spain,Getafe - Las Palmas (2017-12-20)
684,2017-12-16 19:45:00,679,2565703,"Atl\u00e9tico Madrid - Deportivo Alav\u00e9s, 1 - 0","['679', '696']",Spain,Atl\u00e9tico Madrid - Deportivo Alav\u00e9s (2017-12-16)
685,2017-12-16 15:15:00,0,2565700,"Athletic Club - Real Sociedad, 0 - 0","['678', '687']",Spain,Athletic Club - Real Sociedad (2017-12-16)
686,2017-12-15 20:00:00,0,2565701,"Sevilla - Levante, 0 - 0","['680', '695']",Spain,Sevilla - Levante (2017-12-15)
687,2017-12-10 11:00:00,683,2565688,"Real Sociedad - M\u00e1laga, 0 - 2","['683', '687']",Spain,Real Sociedad - M\u00e1laga (2017-12-10)
688,2017-12-02 15:15:00,679,2565680,"Atl\u00e9tico Madrid - Real Sociedad, 2 - 1","['679', '687']",Spain,Atl\u00e9tico Madrid - Real Sociedad (2017-12-02)
689,2017-11-26 19:45:00,0,2565672,"Valencia - Barcelona, 1 - 1","['674', '676']",Spain,Valencia - Barcelona (2017-11-26)
690,2017-11-26 15:15:00,0,2565675,"Real Sociedad - Las Palmas, 2 - 2","['687', '714']",Spain,Real Sociedad - Las Palmas (2017-11-26)
691,2017-11-26 11:00:00,0,2565671,"Deportivo La Coru\u00f1a - Athletic Club, 2 - 2","['677', '678']",Spain,Deportivo La Coru\u00f1a - Athletic Club (2017-11-26)
692,2017-11-25 17:30:00,0,2565674,"Real Betis - Girona, 2 - 2","['684', '756']",Spain,Real Betis - Girona (2017-11-25)
693,2017-11-19 15:15:00,674,2565663,"Espanyol - Valencia, 0 - 2","['674', '691']",Spain,Espanyol - Valencia (2017-11-19)
694,2017-11-18 12:00:00,698,2565667,"Getafe - Deportivo Alav\u00e9s, 4 - 1","['696', '698']",Spain,Getafe - Deportivo Alav\u00e9s (2017-11-18)
695,2017-11-05 19:45:00,675,2565657,"Real Madrid - Las Palmas, 3 - 0","['675', '714']",Spain,Real Madrid - Las Palmas (2017-11-05)
696,2017-11-05 17:30:00,687,2565649,"Real Sociedad - Eibar, 3 - 1","['687', '701']",Spain,Real Sociedad - Eibar (2017-11-05)
697,2017-11-05 17:30:00,682,2565654,"Villarreal - M\u00e1laga, 2 - 0","['682', '683']",Spain,Villarreal - M\u00e1laga (2017-11-05)
698,2017-10-30 20:00:00,677,2565643,"Las Palmas - Deportivo La Coru\u00f1a, 1 - 3","['677', '714']",Spain,Las Palmas - Deportivo La Coru\u00f1a (2017-10-30)
699,2017-10-23 18:00:00,0,2565636,"Real Sociedad - Espanyol, 1 - 1","['687', '691']",Spain,Real Sociedad - Espanyol (2017-10-23)
700,2017-10-21 11:00:00,0,2565628,"Levante - Getafe, 1 - 1","['695', '698']",Spain,Levante - Getafe (2017-10-21)
701,2017-10-15 14:15:00,682,2565618,"Girona - Villarreal, 1 - 2","['682', '756']",Spain,Girona - Villarreal (2017-10-15)
702,2017-12-02 12:00:00,0,2565681,"Barcelona - Celta de Vigo, 2 - 2","['676', '692']",Spain,Barcelona - Celta de Vigo (2017-12-02)
703,2017-11-20 20:00:00,701,2565659,"Eibar - Real Betis, 5 - 0","['684', '701']",Spain,Eibar - Real Betis (2017-11-20)
704,2017-11-18 15:15:00,676,2565658,"Legan\u00e9s - Barcelona, 0 - 3","['676', '712']",Spain,Legan\u00e9s - Barcelona (2017-11-18)
705,2017-11-04 19:45:00,676,2565653,"Barcelona - Sevilla, 2 - 1","['676', '680']",Spain,Barcelona - Sevilla (2017-11-04)
706,2017-10-29 15:15:00,756,2565644,"Girona - Real Madrid, 2 - 1","['675', '756']",Spain,Girona - Real Madrid (2017-10-29)
707,2017-10-28 11:00:00,674,2565638,"Deportivo Alav\u00e9s - Valencia, 1 - 2","['674', '696']",Spain,Deportivo Alav\u00e9s - Valencia (2017-10-28)
708,2017-12-03 11:00:00,712,2565685,"Legan\u00e9s - Villarreal, 3 - 1","['682', '712']",Spain,Legan\u00e9s - Villarreal (2017-12-03)
709,2017-12-02 17:30:00,680,2565678,"Sevilla - Deportivo La Coru\u00f1a, 2 - 0","['677', '680']",Spain,Sevilla - Deportivo La Coru\u00f1a (2017-12-02)
710,2017-11-27 20:00:00,691,2565668,"Espanyol - Getafe, 1 - 0","['691', '698']",Spain,Espanyol - Getafe (2017-11-27)
711,2017-11-24 20:00:00,692,2565676,"Celta de Vigo - Legan\u00e9s, 1 - 0","['692', '712']",Spain,Celta de Vigo - Legan\u00e9s (2017-11-24)
712,2017-11-19 19:45:00,0,2565660,"Athletic Club - Villarreal, 1 - 1","['678', '682']",Spain,Athletic Club - Villarreal (2017-11-19)
713,2017-11-19 17:30:00,695,2565665,"Las Palmas - Levante, 0 - 2","['695', '714']",Spain,Las Palmas - Levante (2017-11-19)
714,2017-11-05 11:00:00,756,2565652,"Levante - Girona, 1 - 2","['695', '756']",Spain,Levante - Girona (2017-11-05)
715,2017-11-04 15:15:00,679,2565655,"Deportivo La Coru\u00f1a - Atl\u00e9tico Madrid, 0 - 1","['677', '679']",Spain,Deportivo La Coru\u00f1a - Atl\u00e9tico Madrid (2017-11-04)
716,2017-11-04 12:00:00,674,2565656,"Valencia - Legan\u00e9s, 3 - 0","['674', '712']",Spain,Valencia - Legan\u00e9s (2017-11-04)
717,2017-10-29 19:45:00,683,2565640,"M\u00e1laga - Celta de Vigo, 2 - 1","['683', '692']",Spain,M\u00e1laga - Celta de Vigo (2017-10-29)
718,2017-10-29 11:00:00,698,2565645,"Getafe - Real Sociedad, 2 - 1","['687', '698']",Spain,Getafe - Real Sociedad (2017-10-29)
719,2017-10-28 20:30:00,680,2565639,"Sevilla - Legan\u00e9s, 2 - 1","['680', '712']",Spain,Sevilla - Legan\u00e9s (2017-10-28)
720,2017-10-22 16:30:00,712,2565635,"Legan\u00e9s - Athletic Club, 1 - 0","['678', '712']",Spain,Legan\u00e9s - Athletic Club (2017-10-22)
721,2017-10-22 14:15:00,679,2565637,"Celta de Vigo - Atl\u00e9tico Madrid, 0 - 1","['679', '692']",Spain,Celta de Vigo - Atl\u00e9tico Madrid (2017-10-22)
722,2017-10-21 16:30:00,674,2565632,"Valencia - Sevilla, 4 - 0","['674', '680']",Spain,Valencia - Sevilla (2017-10-21)
723,2017-10-21 14:15:00,684,2565634,"Real Betis - Deportivo Alav\u00e9s, 2 - 0","['684', '696']",Spain,Real Betis - Deportivo Alav\u00e9s (2017-10-21)
724,2017-10-15 10:00:00,0,2565621,"Eibar - Deportivo La Coru\u00f1a, 0 - 0","['677', '701']",Spain,Eibar - Deportivo La Coru\u00f1a (2017-10-15)
725,2017-10-14 18:45:00,0,2565626,"Atl\u00e9tico Madrid - Barcelona, 1 - 1","['676', '679']",Spain,Atl\u00e9tico Madrid - Barcelona (2017-10-14)
726,2017-12-02 19:45:00,0,2565687,"Athletic Club - Real Madrid, 0 - 0","['675', '678']",Spain,Athletic Club - Real Madrid (2017-12-02)
727,2017-12-01 20:00:00,0,2565679,"M\u00e1laga - Levante, 0 - 0","['683', '695']",Spain,M\u00e1laga - Levante (2017-12-01)
728,2017-11-26 17:30:00,680,2565670,"Villarreal - Sevilla, 2 - 3","['680', '682']",Spain,Villarreal - Sevilla (2017-11-26)
729,2017-11-25 19:45:00,679,2565669,"Levante - Atl\u00e9tico Madrid, 0 - 5","['679', '695']",Spain,Levante - Atl\u00e9tico Madrid (2017-11-25)
730,2017-11-25 15:15:00,675,2565673,"Real Madrid - M\u00e1laga, 3 - 2","['675', '683']",Spain,Real Madrid - M\u00e1laga (2017-11-25)
731,2017-11-25 12:00:00,701,2565677,"Deportivo Alav\u00e9s - Eibar, 1 - 2","['696', '701']",Spain,Deportivo Alav\u00e9s - Eibar (2017-11-25)
732,2017-11-19 11:00:00,683,2565662,"M\u00e1laga - Deportivo La Coru\u00f1a, 3 - 2","['677', '683']",Spain,M\u00e1laga - Deportivo La Coru\u00f1a (2017-11-19)
733,2017-11-18 19:45:00,0,2565664,"Atl\u00e9tico Madrid - Real Madrid, 0 - 0","['675', '679']",Spain,Atl\u00e9tico Madrid - Real Madrid (2017-11-18)
734,2017-11-18 17:30:00,680,2565661,"Sevilla - Celta de Vigo, 2 - 1","['680', '692']",Spain,Sevilla - Celta de Vigo (2017-11-18)
735,2017-11-17 20:00:00,0,2565666,"Girona - Real Sociedad, 1 - 1","['687', '756']",Spain,Girona - Real Sociedad (2017-11-17)
736,2017-11-05 15:15:00,692,2565650,"Celta de Vigo - Athletic Club, 3 - 1","['678', '692']",Spain,Celta de Vigo - Athletic Club (2017-11-05)
737,2017-11-04 17:30:00,696,2565651,"Deportivo Alav\u00e9s - Espanyol, 1 - 0","['691', '696']",Spain,Deportivo Alav\u00e9s - Espanyol (2017-11-04)
738,2017-11-03 20:00:00,0,2565648,"Real Betis - Getafe, 2 - 2","['684', '698']",Spain,Real Betis - Getafe (2017-11-03)
739,2017-10-30 20:00:00,691,2565641,"Espanyol - Real Betis, 1 - 0","['684', '691']",Spain,Espanyol - Real Betis (2017-10-30)
740,2017-10-29 17:30:00,0,2565646,"Eibar - Levante, 2 - 2","['695', '701']",Spain,Eibar - Levante (2017-10-29)
741,2017-10-28 18:45:00,676,2565647,"Athletic Club - Barcelona, 0 - 2","['676', '678']",Spain,Athletic Club - Barcelona (2017-10-28)
742,2017-10-28 16:30:00,0,2565642,"Atl\u00e9tico Madrid - Villarreal, 1 - 1","['679', '682']",Spain,Atl\u00e9tico Madrid - Villarreal (2017-10-28)
743,2017-10-23 19:00:00,756,2565631,"Deportivo La Coru\u00f1a - Girona, 1 - 2","['677', '756']",Spain,Deportivo La Coru\u00f1a - Girona (2017-10-23)
744,2017-10-22 18:45:00,675,2565633,"Real Madrid - Eibar, 3 - 0","['675', '701']",Spain,Real Madrid - Eibar (2017-10-22)
745,2017-10-22 10:00:00,682,2565630,"Villarreal - Las Palmas, 4 - 0","['682', '714']",Spain,Villarreal - Las Palmas (2017-10-22)
746,2017-10-21 18:45:00,676,2565629,"Barcelona - M\u00e1laga, 2 - 0","['676', '683']",Spain,Barcelona - M\u00e1laga (2017-10-21)
747,2017-10-16 19:00:00,692,2565627,"Las Palmas - Celta de Vigo, 2 - 5","['692', '714']",Spain,Las Palmas - Celta de Vigo (2017-10-16)
748,2017-10-15 18:45:00,674,2565620,"Real Betis - Valencia, 3 - 6","['674', '684']",Spain,Real Betis - Valencia (2017-10-15)
749,2017-10-15 16:30:00,712,2565624,"M\u00e1laga - Legan\u00e9s, 0 - 2","['683', '712']",Spain,M\u00e1laga - Legan\u00e9s (2017-10-15)
750,2017-10-14 11:00:00,678,2565622,"Athletic Club - Sevilla, 1 - 0","['678', '680']",Spain,Athletic Club - Sevilla (2017-10-14)
751,2017-10-13 19:00:00,0,2565625,"Espanyol - Levante, 0 - 0","['691', '695']",Spain,Espanyol - Levante (2017-10-13)
752,2017-10-01 10:00:00,0,2565611,"Real Sociedad - Real Betis, 4 - 4","['684', '687']",Spain,Real Sociedad - Real Betis (2017-10-01)
753,2017-09-30 16:30:00,696,2565614,"Levante - Deportivo Alav\u00e9s, 0 - 2","['695', '696']",Spain,Levante - Deportivo Alav\u00e9s (2017-09-30)
754,2017-09-24 16:30:00,712,2565602,"Las Palmas - Legan\u00e9s, 0 - 2","['712', '714']",Spain,Las Palmas - Legan\u00e9s (2017-09-24)
755,2017-09-24 16:30:00,692,2565606,"Eibar - Celta de Vigo, 0 - 4","['692', '701']",Spain,Eibar - Celta de Vigo (2017-09-24)
756,2017-09-24 10:00:00,691,2565600,"Espanyol - Deportivo La Coru\u00f1a, 4 - 1","['677', '691']",Spain,Espanyol - Deportivo La Coru\u00f1a (2017-09-24)
757,2017-09-21 20:00:00,695,2565591,"Levante - Real Sociedad, 3 - 0","['687', '695']",Spain,Levante - Real Sociedad (2017-09-21)
758,2017-09-20 20:00:00,680,2565590,"Sevilla - Las Palmas, 1 - 0","['680', '714']",Spain,Sevilla - Las Palmas (2017-09-20)
759,2017-09-20 20:00:00,684,2565596,"Real Madrid - Real Betis, 0 - 1","['675', '684']",Spain,Real Madrid - Real Betis (2017-09-20)
760,2017-09-19 18:00:00,674,2565595,"Valencia - M\u00e1laga, 5 - 0","['674', '683']",Spain,Valencia - M\u00e1laga (2017-09-19)
761,2017-09-18 19:00:00,691,2565585,"Espanyol - Celta de Vigo, 2 - 1","['691', '692']",Spain,Espanyol - Celta de Vigo (2017-09-18)
762,2017-09-16 18:45:00,679,2565586,"Atl\u00e9tico Madrid - M\u00e1laga, 1 - 0","['679', '683']",Spain,Atl\u00e9tico Madrid - M\u00e1laga (2017-09-16)
763,2017-09-16 14:15:00,676,2565580,"Getafe - Barcelona, 1 - 2","['676', '698']",Spain,Getafe - Barcelona (2017-09-16)
764,2017-09-16 11:00:00,0,2565587,"Levante - Valencia, 1 - 1","['674', '695']",Spain,Levante - Valencia (2017-09-16)
765,2017-09-11 19:00:00,714,2565576,"M\u00e1laga - Las Palmas, 1 - 3","['683', '714']",Spain,M\u00e1laga - Las Palmas (2017-09-11)
766,2017-09-10 16:30:00,692,2565573,"Celta de Vigo - Deportivo Alav\u00e9s, 1 - 0","['692', '696']",Spain,Celta de Vigo - Deportivo Alav\u00e9s (2017-09-10)
767,2017-09-10 10:00:00,687,2565569,"Deportivo La Coru\u00f1a - Real Sociedad, 2 - 4","['677', '687']",Spain,Deportivo La Coru\u00f1a - Real Sociedad (2017-09-10)
768,2017-09-09 16:30:00,680,2565575,"Sevilla - Eibar, 3 - 0","['680', '701']",Spain,Sevilla - Eibar (2017-09-09)
769,2017-09-09 11:00:00,0,2565571,"Real Madrid - Levante, 1 - 1","['675', '695']",Spain,Real Madrid - Levante (2017-09-09)
770,2017-08-26 18:15:00,0,2565561,"Levante - Deportivo La Coru\u00f1a, 2 - 2","['677', '695']",Spain,Levante - Deportivo La Coru\u00f1a (2017-08-26)
771,2017-08-25 18:15:00,687,2565558,"Real Sociedad - Villarreal, 3 - 0","['682', '687']",Spain,Real Sociedad - Villarreal (2017-08-25)
772,2017-08-20 16:15:00,0,2565550,"Athletic Club - Getafe, 0 - 0","['678', '698']",Spain,Athletic Club - Getafe (2017-08-20)
773,2017-08-19 20:15:00,0,2565552,"Sevilla - Espanyol, 1 - 1","['680', '691']",Spain,Sevilla - Espanyol (2017-08-19)
774,2017-08-19 18:15:00,0,2565551,"Girona - Atl\u00e9tico Madrid, 2 - 2","['679', '756']",Spain,Girona - Atl\u00e9tico Madrid (2017-08-19)
775,2017-10-14 16:30:00,687,2565623,"Deportivo Alav\u00e9s - Real Sociedad, 0 - 2","['687', '696']",Spain,Deportivo Alav\u00e9s - Real Sociedad (2017-10-14)
776,2017-10-14 14:15:00,675,2565619,"Getafe - Real Madrid, 1 - 2","['675', '698']",Spain,Getafe - Real Madrid (2017-10-14)
777,2017-10-01 16:30:00,674,2565608,"Valencia - Athletic Club, 3 - 2","['674', '678']",Spain,Valencia - Athletic Club (2017-10-01)
778,2017-10-01 16:30:00,682,2565616,"Villarreal - Eibar, 3 - 0","['682', '701']",Spain,Villarreal - Eibar (2017-10-01)
779,2017-10-01 14:15:00,676,2565615,"Barcelona - Las Palmas, 3 - 0","['676', '714']",Spain,Barcelona - Las Palmas (2017-10-01)
780,2017-09-30 14:15:00,680,2565613,"Sevilla - M\u00e1laga, 2 - 0","['680', '683']",Spain,Sevilla - M\u00e1laga (2017-09-30)
781,2017-09-30 11:00:00,677,2565617,"Deportivo La Coru\u00f1a - Getafe, 2 - 1","['677', '698']",Spain,Deportivo La Coru\u00f1a - Getafe (2017-09-30)
782,2017-09-29 19:00:00,0,2565612,"Celta de Vigo - Girona, 3 - 3","['692', '756']",Spain,Celta de Vigo - Girona (2017-09-29)
783,2017-09-24 18:45:00,674,2565607,"Real Sociedad - Valencia, 2 - 3","['674', '687']",Spain,Real Sociedad - Valencia (2017-09-24)
784,2017-09-24 14:15:00,698,2565604,"Getafe - Villarreal, 4 - 0","['682', '698']",Spain,Getafe - Villarreal (2017-09-24)
785,2017-09-23 11:00:00,679,2565601,"Atl\u00e9tico Madrid - Sevilla, 2 - 0","['679', '680']",Spain,Atl\u00e9tico Madrid - Sevilla (2017-09-23)
786,2017-09-21 19:00:00,0,2565588,"Celta de Vigo - Getafe, 1 - 1","['692', '698']",Spain,Celta de Vigo - Getafe (2017-09-21)
787,2017-09-20 19:00:00,677,2565594,"Deportivo La Coru\u00f1a - Deportivo Alav\u00e9s, 1 - 0","['677', '696']",Spain,Deportivo La Coru\u00f1a - Deportivo Alav\u00e9s (2017-09-20)
788,2017-09-20 18:00:00,679,2565589,"Athletic Club - Atl\u00e9tico Madrid, 1 - 2","['678', '679']",Spain,Athletic Club - Atl\u00e9tico Madrid (2017-09-20)
789,2017-09-19 20:00:00,676,2565592,"Barcelona - Eibar, 6 - 1","['676', '701']",Spain,Barcelona - Eibar (2017-09-19)
790,2017-09-17 10:00:00,682,2565584,"Deportivo Alav\u00e9s - Villarreal, 0 - 3","['682', '696']",Spain,Deportivo Alav\u00e9s - Villarreal (2017-09-17)
791,2017-09-10 18:45:00,682,2565568,"Villarreal - Real Betis, 3 - 1","['682', '684']",Spain,Villarreal - Real Betis (2017-09-10)
792,2017-09-10 14:15:00,678,2565574,"Athletic Club - Girona, 2 - 0","['678', '756']",Spain,Athletic Club - Girona (2017-09-10)
793,2017-09-09 14:15:00,0,2565570,"Valencia - Atl\u00e9tico Madrid, 0 - 0","['674', '679']",Spain,Valencia - Atl\u00e9tico Madrid (2017-09-09)
794,2017-08-26 20:15:00,679,2565562,"Las Palmas - Atl\u00e9tico Madrid, 1 - 5","['679', '714']",Spain,Las Palmas - Atl\u00e9tico Madrid (2017-08-26)
795,2017-08-26 16:15:00,676,2565559,"Deportivo Alav\u00e9s - Barcelona, 0 - 2","['676', '696']",Spain,Deportivo Alav\u00e9s - Barcelona (2017-08-26)
796,2017-08-21 18:15:00,695,2565548,"Levante - Villarreal, 1 - 0","['682', '695']",Spain,Levante - Villarreal (2017-08-21)
797,2017-08-20 20:15:00,675,2565555,"Deportivo La Coru\u00f1a - Real Madrid, 0 - 3","['675', '677']",Spain,Deportivo La Coru\u00f1a - Real Madrid (2017-08-20)
798,2017-08-20 18:15:00,676,2565554,"Barcelona - Real Betis, 2 - 0","['676', '684']",Spain,Barcelona - Real Betis (2017-08-20)
799,2017-08-18 18:15:00,712,2565557,"Legan\u00e9s - Deportivo Alav\u00e9s, 1 - 0","['696', '712']",Spain,Legan\u00e9s - Deportivo Alav\u00e9s (2017-08-18)
800,2017-10-01 18:45:00,675,2565609,"Real Madrid - Espanyol, 2 - 0","['675', '691']",Spain,Real Madrid - Espanyol (2017-10-01)
801,2017-09-25 19:00:00,684,2565605,"Real Betis - Levante, 4 - 0","['684', '695']",Spain,Real Betis - Levante (2017-09-25)
802,2017-09-23 14:15:00,675,2565598,"Deportivo Alav\u00e9s - Real Madrid, 1 - 2","['675', '696']",Spain,Deportivo Alav\u00e9s - Real Madrid (2017-09-23)
803,2017-09-21 18:00:00,0,2565593,"Villarreal - Espanyol, 0 - 0","['682', '691']",Spain,Villarreal - Espanyol (2017-09-21)
804,2017-09-20 18:00:00,0,2565597,"Legan\u00e9s - Girona, 0 - 0","['712', '756']",Spain,Legan\u00e9s - Girona (2017-09-20)
805,2017-09-17 18:45:00,675,2565583,"Real Sociedad - Real Madrid, 1 - 3","['675', '687']",Spain,Real Sociedad - Real Madrid (2017-09-17)
806,2017-09-17 16:30:00,714,2565578,"Las Palmas - Athletic Club, 1 - 0","['678', '714']",Spain,Las Palmas - Athletic Club (2017-09-17)
807,2017-09-16 16:30:00,684,2565581,"Real Betis - Deportivo La Coru\u00f1a, 2 - 1","['677', '684']",Spain,Real Betis - Deportivo La Coru\u00f1a (2017-09-16)
808,2017-09-09 18:45:00,676,2565577,"Barcelona - Espanyol, 5 - 0","['676', '691']",Spain,Barcelona - Espanyol (2017-09-09)
809,2017-08-27 20:15:00,0,2565564,"Real Madrid - Valencia, 2 - 2","['674', '675']",Spain,Real Madrid - Valencia (2017-08-27)
810,2017-08-27 16:15:00,712,2565560,"Espanyol - Legan\u00e9s, 0 - 1","['691', '712']",Spain,Espanyol - Legan\u00e9s (2017-08-27)
811,2017-08-27 16:15:00,678,2565567,"Eibar - Athletic Club, 0 - 1","['678', '701']",Spain,Eibar - Athletic Club (2017-08-27)
812,2017-08-25 20:00:00,684,2565566,"Real Betis - Celta de Vigo, 2 - 1","['684', '692']",Spain,Real Betis - Celta de Vigo (2017-08-25)
813,2017-09-30 18:45:00,0,2565610,"Legan\u00e9s - Atl\u00e9tico Madrid, 0 - 0","['679', '712']",Spain,Legan\u00e9s - Atl\u00e9tico Madrid (2017-09-30)
814,2017-09-23 18:45:00,676,2565603,"Girona - Barcelona, 0 - 3","['676', '756']",Spain,Girona - Barcelona (2017-09-23)
815,2017-09-23 16:30:00,0,2565599,"M\u00e1laga - Athletic Club, 3 - 3","['678', '683']",Spain,M\u00e1laga - Athletic Club (2017-09-23)
816,2017-09-17 14:15:00,680,2565579,"Girona - Sevilla, 0 - 1","['680', '756']",Spain,Girona - Sevilla (2017-09-17)
817,2017-09-15 19:00:00,701,2565582,"Eibar - Legan\u00e9s, 1 - 0","['701', '712']",Spain,Eibar - Legan\u00e9s (2017-09-15)
818,2017-09-08 19:00:00,698,2565572,"Legan\u00e9s - Getafe, 1 - 2","['698', '712']",Spain,Legan\u00e9s - Getafe (2017-09-08)
819,2017-08-27 18:15:00,680,2565565,"Getafe - Sevilla, 0 - 1","['680', '698']",Spain,Getafe - Sevilla (2017-08-27)
820,2017-08-26 18:15:00,756,2565563,"Girona - M\u00e1laga, 1 - 0","['683', '756']",Spain,Girona - M\u00e1laga (2017-08-26)
821,2017-08-21 20:00:00,701,2565553,"M\u00e1laga - Eibar, 0 - 1","['683', '701']",Spain,M\u00e1laga - Eibar (2017-08-21)
822,2017-08-19 16:15:00,687,2565549,"Celta de Vigo - Real Sociedad, 2 - 3","['687', '692']",Spain,Celta de Vigo - Real Sociedad (2017-08-19)
823,2017-08-18 20:15:00,674,2565556,"Valencia - Las Palmas, 1 - 0","['674', '714']",Spain,Valencia - Las Palmas (2017-08-18)
824,2016-07-10 19:00:00,9905,1694440,"Portugal - France, 1 - 0 (E)","['4418', '9905']",European_Championship,Portugal - France (2016-07-10)
825,2016-07-06 19:00:00,9905,1694438,"Portugal - Wales, 2 - 0","['9905', '10682']",European_Championship,Portugal - Wales (2016-07-06)
826,2016-06-30 19:00:00,9905,1694434,"Poland - Portugal, 1 - 1 (P)","['9905', '13869']",European_Championship,Poland - Portugal (2016-06-30)
827,2016-06-25 19:00:00,9905,1694428,"Croatia - Portugal, 0 - 1 (E)","['9598', '9905']",European_Championship,Croatia - Portugal (2016-06-25)
828,2016-06-25 13:00:00,13869,1694426,"Switzerland - Poland, 1 - 1 (P)","['6697', '13869']",European_Championship,Switzerland - Poland (2016-06-25)
829,2016-06-22 16:00:00,0,1694424,"Hungary - Portugal, 3 - 3","['9905', '10451']",European_Championship,Hungary - Portugal (2016-06-22)
830,2016-06-22 16:00:00,7839,1694425,"Iceland - Austria, 2 - 1","['7839', '9109']",European_Championship,Iceland - Austria (2016-06-22)
831,2016-06-19 19:00:00,0,1694394,"Switzerland - France, 0 - 0","['4418', '6697']",European_Championship,Switzerland - France (2016-06-19)
832,2016-06-16 13:00:00,2413,1694399,"England - Wales, 2 - 1","['2413', '10682']",European_Championship,England - Wales (2016-06-16)
833,2016-06-15 16:00:00,0,1694392,"Romania - Switzerland, 1 - 1","['6697', '11944']",European_Championship,Romania - Switzerland (2016-06-15)
834,2016-06-15 13:00:00,14496,1694398,"Russia - Slovakia, 1 - 2","['14358', '14496']",European_Championship,Russia - Slovakia (2016-06-15)
835,2016-06-14 16:00:00,10451,1694420,"Austria - Hungary, 0 - 2","['9109', '10451']",European_Championship,Austria - Hungary (2016-06-14)
836,2016-06-13 19:00:00,3757,1694415,"Belgium - Italy, 0 - 2","['3757', '5629']",European_Championship,Belgium - Italy (2016-06-13)
837,2016-06-13 13:00:00,1598,1694409,"Spain - Czech Republic, 1 - 0","['1598', '11555']",European_Championship,Spain - Czech Republic (2016-06-13)
838,2016-07-07 19:00:00,4418,1694439,"Germany - France, 0 - 2","['3148', '4418']",European_Championship,Germany - France (2016-07-07)
839,2016-06-27 19:00:00,7839,1694433,"England - Iceland, 1 - 2","['2413', '7839']",European_Championship,England - Iceland (2016-06-27)
840,2016-06-26 19:00:00,5629,1694431,"Hungary - Belgium, 0 - 4","['5629', '10451']",European_Championship,Hungary - Belgium (2016-06-26)
841,2016-06-26 16:00:00,3148,1694430,"Germany - Slovakia, 3 - 0","['3148', '14496']",European_Championship,Germany - Slovakia (2016-06-26)
842,2016-06-25 16:00:00,10682,1694427,"Wales - Northern Ireland, 1 - 0","['10682', '10962']",European_Championship,Wales - Northern Ireland (2016-06-25)
843,2016-06-22 19:00:00,8274,1694418,"Italy - Republic of Ireland, 0 - 1","['3757', '8274']",European_Championship,Italy - Republic of Ireland (2016-06-22)
844,2016-06-21 19:00:00,9598,1694412,"Croatia - Spain, 2 - 1","['1598', '9598']",European_Championship,Croatia - Spain (2016-06-21)
845,2016-06-21 16:00:00,13869,1694406,"Ukraine - Poland, 0 - 1","['13869', '14622']",European_Championship,Ukraine - Poland (2016-06-21)
846,2016-06-18 19:00:00,0,1694423,"Portugal - Austria, 0 - 0","['9109', '9905']",European_Championship,Portugal - Austria (2016-06-18)
847,2016-06-18 13:00:00,5629,1694417,"Belgium - Republic of Ireland, 3 - 0","['5629', '8274']",European_Championship,Belgium - Republic of Ireland (2016-06-18)
848,2016-06-16 19:00:00,0,1694405,"Germany - Poland, 0 - 0","['3148', '13869']",European_Championship,Germany - Poland (2016-06-16)
849,2016-07-02 19:00:00,3148,1694436,"Germany - Italy, 1 - 1 (P)","['3148', '3757']",European_Championship,Germany - Italy (2016-07-02)
850,2016-07-01 19:00:00,10682,1694435,"Wales - Belgium, 3 - 1","['5629', '10682']",European_Championship,Wales - Belgium (2016-07-01)
851,2016-06-26 13:00:00,4418,1694429,"France - Republic of Ireland, 2 - 1","['4418', '8274']",European_Championship,France - Republic of Ireland (2016-06-26)
852,2016-06-22 19:00:00,5629,1694419,"Sweden - Belgium, 0 - 1","['5629', '7047']",European_Championship,Sweden - Belgium (2016-06-22)
853,2016-06-20 19:00:00,10682,1694401,"Russia - Wales, 0 - 3","['10682', '14358']",European_Championship,Russia - Wales (2016-06-20)
854,2016-06-19 19:00:00,8731,1694395,"Romania - Albania, 0 - 1","['8731', '11944']",European_Championship,Romania - Albania (2016-06-19)
855,2016-06-18 16:00:00,0,1694422,"Iceland - Hungary, 1 - 1","['7839', '10451']",European_Championship,Iceland - Hungary (2016-06-18)
856,2016-06-17 16:00:00,0,1694410,"Czech Republic - Croatia, 2 - 2","['9598', '11555']",European_Championship,Czech Republic - Croatia (2016-06-17)
857,2016-06-16 16:00:00,10962,1694404,"Ukraine - Northern Ireland, 0 - 2","['10962', '14622']",European_Championship,Ukraine - Northern Ireland (2016-06-16)
858,2016-06-15 19:00:00,4418,1694393,"France - Albania, 2 - 0","['4418', '8731']",European_Championship,France - Albania (2016-06-15)
859,2016-06-14 19:00:00,0,1694421,"Portugal - Iceland, 1 - 1","['7839', '9905']",European_Championship,Portugal - Iceland (2016-06-14)
860,2016-06-13 16:00:00,0,1694414,"Republic of Ireland - Sweden, 1 - 1","['7047', '8274']",European_Championship,Republic of Ireland - Sweden (2016-06-13)
861,2016-07-03 19:00:00,4418,1694437,"France - Iceland, 5 - 2","['4418', '7839']",European_Championship,France - Iceland (2016-07-03)
862,2016-06-27 16:00:00,3757,1694432,"Italy - Spain, 2 - 0","['1598', '3757']",European_Championship,Italy - Spain (2016-06-27)
863,2016-06-21 19:00:00,4687,1694413,"Czech Republic - Turkey, 0 - 2","['4687', '11555']",European_Championship,Czech Republic - Turkey (2016-06-21)
864,2016-06-21 16:00:00,3148,1694407,"Northern Ireland - Germany, 0 - 1","['3148', '10962']",European_Championship,Northern Ireland - Germany (2016-06-21)
865,2016-06-20 19:00:00,0,1694400,"Slovakia - England, 0 - 0","['2413', '14496']",European_Championship,Slovakia - England (2016-06-20)
866,2016-06-17 19:00:00,1598,1694411,"Spain - Turkey, 3 - 0","['1598', '4687']",European_Championship,Spain - Turkey (2016-06-17)
867,2016-06-17 13:00:00,3757,1694416,"Italy - Sweden, 1 - 0","['3757', '7047']",European_Championship,Italy - Sweden (2016-06-17)
868,2016-06-12 19:00:00,3148,1694403,"Germany - Ukraine, 2 - 0","['3148', '14622']",European_Championship,Germany - Ukraine (2016-06-12)
869,2016-06-11 16:00:00,10682,1694396,"Wales - Slovakia, 2 - 1","['10682', '14496']",European_Championship,Wales - Slovakia (2016-06-11)
870,2016-06-10 19:00:00,4418,1694390,"France - Romania, 2 - 1","['4418', '11944']",European_Championship,France - Romania (2016-06-10)
871,2016-06-12 16:00:00,13869,1694402,"Poland - Northern Ireland, 1 - 0","['10962', '13869']",European_Championship,Poland - Northern Ireland (2016-06-12)
872,2016-06-12 13:00:00,9598,1694408,"Turkey - Croatia, 0 - 1","['4687', '9598']",European_Championship,Turkey - Croatia (2016-06-12)
873,2016-06-11 19:00:00,0,1694397,"England - Russia, 1 - 1","['2413', '14358']",European_Championship,England - Russia (2016-06-11)
874,2016-06-11 13:00:00,6697,1694391,"Albania - Switzerland, 0 - 1","['6697', '8731']",European_Championship,Albania - Switzerland (2016-06-11)
875,2018-05-13 14:00:00,1628,2500090,"Crystal Palace - West Bromwich Albion, 2 - 0","['1627', '1628']",England,Crystal Palace - West Bromwich Albion (2018-05-13)
876,2018-05-13 14:00:00,1611,2500093,"Manchester United - Watford, 1 - 0","['1611', '1644']",England,Manchester United - Watford (2018-05-13)
877,2018-05-06 15:30:00,1610,2500082,"Chelsea - Liverpool, 1 - 0","['1610', '1612']",England,Chelsea - Liverpool (2018-05-06)
878,2018-05-05 16:30:00,0,2500083,"Everton - Southampton, 1 - 1","['1619', '1623']",England,Everton - Southampton (2018-05-05)
879,2018-05-05 14:00:00,1659,2500079,"AFC Bournemouth - Swansea City, 1 - 0","['1659', '10531']",England,AFC Bournemouth - Swansea City (2018-05-05)
880,2018-04-30 19:00:00,1624,2500077,"Tottenham Hotspur - Watford, 2 - 0","['1624', '1644']",England,Tottenham Hotspur - Watford (2018-04-30)
881,2018-04-29 13:15:00,1625,2500078,"West Ham United - Manchester City, 1 - 4","['1625', '1633']",England,West Ham United - Manchester City (2018-04-29)
882,2018-04-22 12:30:00,1609,2500060,"Arsenal - West Ham United, 4 - 1","['1609', '1633']",England,Arsenal - West Ham United (2018-04-22)
883,2018-04-21 11:30:00,0,2500068,"West Bromwich Albion - Liverpool, 2 - 2","['1612', '1627']",England,West Bromwich Albion - Liverpool (2018-04-21)
884,2018-04-19 18:45:00,1610,2500020,"Burnley - Chelsea, 1 - 2","['1610', '1646']",England,Burnley - Chelsea (2018-04-19)
885,2018-04-19 18:45:00,0,2500064,"Leicester City - Southampton, 0 - 0","['1619', '1631']",England,Leicester City - Southampton (2018-04-19)
886,2018-04-14 14:00:00,1646,2500049,"Burnley - Leicester City, 2 - 1","['1631', '1646']",England,Burnley - Leicester City (2018-04-14)
887,2018-04-08 13:15:00,1609,2500040,"Arsenal - Southampton, 3 - 2","['1609', '1619']",England,Arsenal - Southampton (2018-04-08)
888,2018-04-07 14:00:00,0,2500039,"AFC Bournemouth - Crystal Palace, 2 - 2","['1628', '1659']",England,AFC Bournemouth - Crystal Palace (2018-04-07)
889,2018-05-13 14:00:00,1659,2500089,"Burnley - AFC Bournemouth, 1 - 2","['1646', '1659']",England,Burnley - AFC Bournemouth (2018-05-13)
890,2018-05-13 14:00:00,1609,2500091,"Huddersfield Town - Arsenal, 0 - 1","['1609', '1673']",England,Huddersfield Town - Arsenal (2018-05-13)
891,2018-05-13 14:00:00,1625,2500095,"Southampton - Manchester City, 0 - 1","['1619', '1625']",England,Southampton - Manchester City (2018-05-13)
892,2018-05-13 14:00:00,1639,2500096,"Swansea City - Stoke City, 1 - 2","['1639', '10531']",England,Swansea City - Stoke City (2018-05-13)
893,2018-05-08 18:45:00,1619,2500026,"Swansea City - Southampton, 0 - 1","['1619', '10531']",England,Swansea City - Southampton (2018-05-08)
894,2018-05-05 14:00:00,1644,2500087,"Watford - Newcastle United, 2 - 1","['1613', '1644']",England,Watford - Newcastle United (2018-05-05)
895,2018-05-05 11:30:00,1628,2500086,"Stoke City - Crystal Palace, 1 - 2","['1628', '1639']",England,Stoke City - Crystal Palace (2018-05-05)
896,2018-05-04 19:00:00,1651,2500081,"Brighton & Hove Albion - Manchester United, 1 - 0","['1611', '1651']",England,Brighton & Hove Albion - Manchester United (2018-05-04)
897,2018-04-28 14:00:00,0,2500069,"Burnley - Brighton & Hove Albion, 0 - 0","['1646', '1651']",England,Burnley - Brighton & Hove Albion (2018-04-28)
898,2018-04-28 14:00:00,1628,2500070,"Crystal Palace - Leicester City, 5 - 0","['1628', '1631']",England,Crystal Palace - Leicester City (2018-04-28)
899,2018-04-28 14:00:00,1623,2500071,"Huddersfield Town - Everton, 0 - 2","['1623', '1673']",England,Huddersfield Town - Everton (2018-04-28)
900,2018-04-16 19:00:00,0,2500058,"West Ham United - Stoke City, 1 - 1","['1633', '1639']",England,West Ham United - Stoke City (2018-04-16)
901,2018-04-15 12:30:00,1613,2500054,"Newcastle United - Arsenal, 2 - 1","['1609', '1613']",England,Newcastle United - Arsenal (2018-04-15)
902,2018-04-14 18:45:00,1625,2500057,"Tottenham Hotspur - Manchester City, 1 - 3","['1624', '1625']",England,Tottenham Hotspur - Manchester City (2018-04-14)
903,2018-04-14 14:00:00,1628,2500050,"Crystal Palace - Brighton & Hove Albion, 3 - 2","['1628', '1651']",England,Crystal Palace - Brighton & Hove Albion (2018-04-14)
904,2018-04-14 14:00:00,0,2500056,"Swansea City - Everton, 1 - 1","['1623', '10531']",England,Swansea City - Everton (2018-04-14)
905,2018-04-07 16:30:00,1611,2500045,"Manchester City - Manchester United, 2 - 3","['1611', '1625']",England,Manchester City - Manchester United (2018-04-07)
906,2018-05-13 14:00:00,1612,2500092,"Liverpool - Brighton & Hove Albion, 4 - 0","['1612', '1651']",England,Liverpool - Brighton & Hove Albion (2018-05-13)
907,2018-05-13 14:00:00,1613,2500094,"Newcastle United - Chelsea, 3 - 0","['1610', '1613']",England,Newcastle United - Chelsea (2018-05-13)
908,2018-05-13 14:00:00,1633,2500098,"West Ham United - Everton, 3 - 1","['1623', '1633']",England,West Ham United - Everton (2018-05-13)
909,2018-05-10 18:45:00,0,2500028,"West Ham United - Manchester United, 0 - 0","['1611', '1633']",England,West Ham United - Manchester United (2018-05-10)
910,2018-05-09 19:00:00,1625,2500024,"Manchester City - Brighton & Hove Albion, 3 - 1","['1625', '1651']",England,Manchester City - Brighton & Hove Albion (2018-05-09)
911,2018-05-09 19:00:00,1624,2500027,"Tottenham Hotspur - Newcastle United, 1 - 0","['1613', '1624']",England,Tottenham Hotspur - Newcastle United (2018-05-09)
912,2018-05-09 18:45:00,1631,2500022,"Leicester City - Arsenal, 3 - 1","['1609', '1631']",England,Leicester City - Arsenal (2018-05-09)
913,2018-05-06 12:30:00,0,2500085,"Manchester City - Huddersfield Town, 0 - 0","['1625', '1673']",England,Manchester City - Huddersfield Town (2018-05-06)
914,2018-05-05 14:00:00,1627,2500088,"West Bromwich Albion - Tottenham Hotspur, 1 - 0","['1624', '1627']",England,West Bromwich Albion - Tottenham Hotspur (2018-05-05)
915,2018-04-29 15:30:00,1611,2500073,"Manchester United - Arsenal, 2 - 1","['1609', '1611']",England,Manchester United - Arsenal (2018-04-29)
916,2018-04-28 16:30:00,1610,2500076,"Swansea City - Chelsea, 0 - 1","['1610', '10531']",England,Swansea City - Chelsea (2018-04-28)
917,2018-04-28 14:00:00,1627,2500074,"Newcastle United - West Bromwich Albion, 0 - 1","['1613', '1627']",England,Newcastle United - West Bromwich Albion (2018-04-28)
918,2018-04-28 14:00:00,1619,2500075,"Southampton - AFC Bournemouth, 2 - 1","['1619', '1659']",England,Southampton - AFC Bournemouth (2018-04-28)
919,2018-04-28 11:30:00,0,2500072,"Liverpool - Stoke City, 0 - 0","['1612', '1639']",England,Liverpool - Stoke City (2018-04-28)
920,2018-04-23 19:00:00,1623,2500063,"Everton - Newcastle United, 1 - 0","['1613', '1623']",England,Everton - Newcastle United (2018-04-23)
921,2018-04-22 15:30:00,1625,2500065,"Manchester City - Swansea City, 5 - 0","['1625', '10531']",England,Manchester City - Swansea City (2018-04-22)
922,2018-04-21 14:00:00,0,2500067,"Watford - Crystal Palace, 0 - 0","['1628', '1644']",England,Watford - Crystal Palace (2018-04-21)
923,2018-04-14 16:30:00,1612,2500052,"Liverpool - AFC Bournemouth, 3 - 0","['1612', '1659']",England,Liverpool - AFC Bournemouth (2018-04-14)
924,2018-04-14 11:30:00,1610,2500055,"Southampton - Chelsea, 2 - 3","['1610', '1619']",England,Southampton - Chelsea (2018-04-14)
925,2018-04-08 15:30:00,0,2500042,"Chelsea - West Ham United, 1 - 1","['1610', '1633']",England,Chelsea - West Ham United (2018-04-08)
926,2018-05-13 14:00:00,1624,2500097,"Tottenham Hotspur - Leicester City, 5 - 4","['1624', '1631']",England,Tottenham Hotspur - Leicester City (2018-05-13)
927,2018-05-09 18:45:00,0,2500062,"Chelsea - Huddersfield Town, 1 - 1","['1610', '1673']",England,Chelsea - Huddersfield Town (2018-05-09)
928,2018-05-06 15:30:00,1609,2500080,"Arsenal - Burnley, 5 - 0","['1609', '1646']",England,Arsenal - Burnley (2018-05-06)
929,2018-05-05 14:00:00,1633,2500084,"Leicester City - West Ham United, 0 - 2","['1631', '1633']",England,Leicester City - West Ham United (2018-05-05)
930,2018-04-22 12:30:00,0,2500066,"Stoke City - Burnley, 1 - 1","['1639', '1646']",England,Stoke City - Burnley (2018-04-22)
931,2018-04-18 18:45:00,1611,2500059,"AFC Bournemouth - Manchester United, 0 - 2","['1611', '1659']",England,AFC Bournemouth - Manchester United (2018-04-18)
932,2018-04-17 18:45:00,0,2500061,"Brighton & Hove Albion - Tottenham Hotspur, 1 - 1","['1624', '1651']",England,Brighton & Hove Albion - Tottenham Hotspur (2018-04-17)
933,2018-04-15 15:00:00,1627,2500053,"Manchester United - West Bromwich Albion, 0 - 1","['1611', '1627']",England,Manchester United - West Bromwich Albion (2018-04-15)
934,2018-04-14 14:00:00,1673,2500051,"Huddersfield Town - Watford, 1 - 0","['1644', '1673']",England,Huddersfield Town - Watford (2018-04-14)
935,2018-04-07 14:00:00,0,2500041,"Brighton & Hove Albion - Huddersfield Town, 1 - 1","['1651', '1673']",England,Brighton & Hove Albion - Huddersfield Town (2018-04-07)
936,2018-04-07 14:00:00,1613,2500044,"Leicester City - Newcastle United, 1 - 2","['1613', '1631']",England,Leicester City - Newcastle United (2018-04-07)
937,2018-04-07 14:00:00,1624,2500046,"Stoke City - Tottenham Hotspur, 1 - 2","['1624', '1639']",England,Stoke City - Tottenham Hotspur (2018-04-07)
938,2018-04-07 14:00:00,0,2500048,"West Bromwich Albion - Swansea City, 1 - 1","['1627', '10531']",England,West Bromwich Albion - Swansea City (2018-04-07)
939,2018-03-31 14:00:00,1613,2500035,"Newcastle United - Huddersfield Town, 1 - 0","['1613', '1673']",England,Newcastle United - Huddersfield Town (2018-03-31)
940,2018-03-31 11:30:00,1612,2500032,"Crystal Palace - Liverpool, 1 - 2","['1612', '1628']",England,Crystal Palace - Liverpool (2018-03-31)
941,2018-03-17 14:00:00,1659,2500019,"AFC Bournemouth - West Bromwich Albion, 2 - 1","['1627', '1659']",England,AFC Bournemouth - West Bromwich Albion (2018-03-17)
942,2018-03-12 20:00:00,1625,2500016,"Stoke City - Manchester City, 0 - 2","['1625', '1639']",England,Stoke City - Manchester City (2018-03-12)
943,2018-03-10 15:00:00,0,2500013,"Huddersfield Town - Swansea City, 0 - 0","['1673', '10531']",England,Huddersfield Town - Swansea City (2018-03-10)
944,2018-03-05 20:00:00,1611,2500001,"Crystal Palace - Manchester United, 2 - 3","['1611', '1628']",England,Crystal Palace - Manchester United (2018-03-05)
945,2018-02-24 17:30:00,0,2499997,"Watford - Everton, 1 - 0","['1623', '1644']",England,Watford - Everton (2018-02-24)
946,2018-02-24 15:00:00,0,2499989,"AFC Bournemouth - Newcastle United, 2 - 2","['1613', '1659']",England,AFC Bournemouth - Newcastle United (2018-02-24)
947,2018-02-11 12:00:00,1673,2499981,"Huddersfield Town - AFC Bournemouth, 4 - 1","['1659', '1673']",England,Huddersfield Town - AFC Bournemouth (2018-02-11)
948,2018-02-10 15:00:00,0,2499985,"Stoke City - Brighton & Hove Albion, 1 - 1","['1639', '1651']",England,Stoke City - Brighton & Hove Albion (2018-02-10)
949,2018-02-05 20:00:00,1644,2499977,"Watford - Chelsea, 4 - 1","['1610', '1644']",England,Watford - Chelsea (2018-02-05)
950,2018-02-04 16:30:00,0,2499975,"Liverpool - Tottenham Hotspur, 2 - 2","['1612', '1624']",England,Liverpool - Tottenham Hotspur (2018-02-04)
951,2018-04-07 11:30:00,0,2500043,"Everton - Liverpool, 0 - 0","['1612', '1623']",England,Everton - Liverpool (2018-04-07)
952,2018-04-01 15:00:00,1624,2500031,"Chelsea - Tottenham Hotspur, 1 - 3","['1610', '1624']",England,Chelsea - Tottenham Hotspur (2018-04-01)
953,2018-03-31 14:00:00,1611,2500034,"Manchester United - Swansea City, 2 - 0","['1611', '10531']",England,Manchester United - Swansea City (2018-03-31)
954,2018-03-17 15:00:00,1628,2500021,"Huddersfield Town - Crystal Palace, 0 - 2","['1628', '1673']",England,Huddersfield Town - Crystal Palace (2018-03-17)
955,2018-03-11 16:00:00,1624,2500009,"AFC Bournemouth - Tottenham Hotspur, 1 - 4","['1624', '1659']",England,AFC Bournemouth - Tottenham Hotspur (2018-03-11)
956,2018-03-10 15:00:00,1613,2500015,"Newcastle United - Southampton, 3 - 0","['1613', '1619']",England,Newcastle United - Southampton (2018-03-10)
957,2018-03-03 17:30:00,1612,2500003,"Liverpool - Newcastle United, 2 - 0","['1612', '1613']",England,Liverpool - Newcastle United (2018-03-03)
958,2018-03-03 15:00:00,10531,2500006,"Swansea City - West Ham United, 4 - 1","['1633', '10531']",England,Swansea City - West Ham United (2018-03-03)
959,2018-02-25 14:05:00,1611,2499996,"Manchester United - Chelsea, 2 - 1","['1610', '1611']",England,Manchester United - Chelsea (2018-02-25)
960,2018-02-25 12:00:00,1624,2499993,"Crystal Palace - Tottenham Hotspur, 0 - 1","['1624', '1628']",England,Crystal Palace - Tottenham Hotspur (2018-02-25)
961,2018-02-24 15:00:00,0,2499992,"Burnley - Southampton, 1 - 1","['1619', '1646']",England,Burnley - Southampton (2018-02-24)
962,2018-02-10 15:00:00,1623,2499980,"Everton - Crystal Palace, 3 - 1","['1623', '1628']",England,Everton - Crystal Palace (2018-02-10)
963,2018-02-10 15:00:00,1633,2499988,"West Ham United - Watford, 2 - 0","['1633', '1644']",England,West Ham United - Watford (2018-02-10)
964,2018-04-07 14:00:00,1646,2500047,"Watford - Burnley, 1 - 2","['1644', '1646']",England,Watford - Burnley (2018-04-07)
965,2018-04-01 12:30:00,1609,2500029,"Arsenal - Stoke City, 3 - 0","['1609', '1639']",England,Arsenal - Stoke City (2018-04-01)
966,2018-03-31 14:00:00,1633,2499738,"West Ham United - Southampton, 3 - 0","['1619', '1633']",England,West Ham United - Southampton (2018-03-31)
967,2018-03-31 14:00:00,1631,2500030,"Brighton & Hove Albion - Leicester City, 0 - 2","['1631', '1651']",England,Brighton & Hove Albion - Leicester City (2018-03-31)
968,2018-03-31 14:00:00,0,2500037,"Watford - AFC Bournemouth, 2 - 2","['1644', '1659']",England,Watford - AFC Bournemouth (2018-03-31)
969,2018-03-17 14:00:00,1623,2500025,"Stoke City - Everton, 1 - 2","['1623', '1639']",England,Stoke City - Everton (2018-03-17)
970,2018-03-11 13:30:00,1609,2500010,"Arsenal - Watford, 3 - 0","['1609', '1644']",England,Arsenal - Watford (2018-03-11)
971,2018-03-10 17:30:00,1610,2500011,"Chelsea - Crystal Palace, 2 - 1","['1610', '1628']",England,Chelsea - Crystal Palace (2018-03-10)
972,2018-03-04 16:00:00,1625,2500004,"Manchester City - Chelsea, 1 - 0","['1610', '1625']",England,Manchester City - Chelsea (2018-03-04)
973,2018-03-04 13:30:00,1651,2499999,"Brighton & Hove Albion - Arsenal, 2 - 1","['1609', '1651']",England,Brighton & Hove Albion - Arsenal (2018-03-04)
974,2018-03-03 15:00:00,1624,2500007,"Tottenham Hotspur - Huddersfield Town, 2 - 0","['1624', '1673']",England,Tottenham Hotspur - Huddersfield Town (2018-03-03)
975,2018-03-03 15:00:00,1644,2500008,"Watford - West Bromwich Albion, 1 - 0","['1627', '1644']",England,Watford - West Bromwich Albion (2018-03-03)
976,2018-03-03 12:30:00,1646,2500000,"Burnley - Everton, 2 - 1","['1623', '1646']",England,Burnley - Everton (2018-03-03)
977,2018-03-01 19:45:00,1625,2499990,"Arsenal - Manchester City, 0 - 3","['1609', '1625']",England,Arsenal - Manchester City (2018-03-01)
978,2018-02-24 15:00:00,1651,2499991,"Brighton & Hove Albion - Swansea City, 4 - 1","['1651', '10531']",England,Brighton & Hove Albion - Swansea City (2018-02-24)
979,2018-02-24 15:00:00,1612,2499995,"Liverpool - West Ham United, 4 - 1","['1612', '1633']",England,Liverpool - West Ham United (2018-02-24)
980,2018-02-24 15:00:00,1673,2499998,"West Bromwich Albion - Huddersfield Town, 1 - 2","['1627', '1673']",England,West Bromwich Albion - Huddersfield Town (2018-02-24)
981,2018-02-12 20:00:00,1610,2499979,"Chelsea - West Bromwich Albion, 3 - 0","['1610', '1627']",England,Chelsea - West Bromwich Albion (2018-02-12)
982,2018-02-10 15:00:00,10531,2499986,"Swansea City - Burnley, 1 - 0","['1646', '10531']",England,Swansea City - Burnley (2018-02-10)
983,2018-02-10 12:30:00,1624,2499987,"Tottenham Hotspur - Arsenal, 1 - 0","['1609', '1624']",England,Tottenham Hotspur - Arsenal (2018-02-10)
984,2018-03-31 16:30:00,1625,2500033,"Everton - Manchester City, 1 - 3","['1623', '1625']",England,Everton - Manchester City (2018-03-31)
985,2018-03-31 14:00:00,1646,2500038,"West Bromwich Albion - Burnley, 1 - 2","['1627', '1646']",England,West Bromwich Albion - Burnley (2018-03-31)
986,2018-03-17 17:30:00,1612,2500023,"Liverpool - Watford, 5 - 0","['1612', '1644']",England,Liverpool - Watford (2018-03-17)
987,2018-03-10 15:00:00,0,2500012,"Everton - Brighton & Hove Albion, 2 - 0","['1623', '1651']",England,Everton - Brighton & Hove Albion (2018-03-10)
988,2018-03-10 15:00:00,1631,2500017,"West Bromwich Albion - Leicester City, 1 - 4","['1627', '1631']",England,West Bromwich Albion - Leicester City (2018-03-10)
989,2018-03-10 15:00:00,1646,2500018,"West Ham United - Burnley, 0 - 3","['1633', '1646']",England,West Ham United - Burnley (2018-03-10)
990,2018-03-10 12:30:00,1611,2500014,"Manchester United - Liverpool, 2 - 1","['1611', '1612']",England,Manchester United - Liverpool (2018-03-10)
991,2018-03-03 15:00:00,0,2500002,"Leicester City - AFC Bournemouth, 1 - 1","['1631', '1659']",England,Leicester City - AFC Bournemouth (2018-03-03)
992,2018-03-03 15:00:00,0,2500005,"Southampton - Stoke City, 0 - 0","['1619', '1639']",England,Southampton - Stoke City (2018-03-03)
993,2018-02-24 12:30:00,0,2499994,"Leicester City - Stoke City, 1 - 1","['1631', '1639']",England,Leicester City - Stoke City (2018-02-24)
994,2018-02-11 16:30:00,1612,2499984,"Southampton - Liverpool, 0 - 2","['1612', '1619']",England,Southampton - Liverpool (2018-02-11)
995,2018-02-11 14:15:00,1613,2499983,"Newcastle United - Manchester United, 1 - 0","['1611', '1613']",England,Newcastle United - Manchester United (2018-02-11)
996,2018-02-10 17:30:00,1625,2499982,"Manchester City - Leicester City, 5 - 1","['1625', '1631']",England,Manchester City - Leicester City (2018-02-10)
997,2018-02-03 17:30:00,1609,2499970,"Arsenal - Everton, 5 - 1","['1609', '1623']",England,Arsenal - Everton (2018-02-03)
998,2018-02-03 15:00:00,1619,2499978,"West Bromwich Albion - Southampton, 2 - 3","['1619', '1627']",England,West Bromwich Albion - Southampton (2018-02-03)
999,2018-01-31 20:00:00,1624,2499968,"Tottenham Hotspur - Manchester United, 2 - 0","['1611', '1624']",England,Tottenham Hotspur - Manchester United (2018-01-31)
1000,2018-01-20 15:00:00,1609,2499949,"Arsenal - Crystal Palace, 4 - 1","['1609', '1628']",England,Arsenal - Crystal Palace (2018-01-20)
1001,2018-01-20 15:00:00,1639,2499956,"Stoke City - Huddersfield Town, 2 - 0","['1639', '1673']",England,Stoke City - Huddersfield Town (2018-01-20)
1002,2018-01-13 15:00:00,1628,2499941,"Crystal Palace - Burnley, 1 - 0","['1628', '1646']",England,Crystal Palace - Burnley (2018-01-13)
1003,2018-01-13 15:00:00,0,2499947,"Watford - Southampton, 2 - 2","['1619', '1644']",England,Watford - Southampton (2018-01-13)
1004,2018-01-04 20:00:00,0,2499926,"Tottenham Hotspur - West Ham United, 1 - 1","['1624', '1633']",England,Tottenham Hotspur - West Ham United (2018-01-04)
1005,2018-01-03 19:45:00,0,2499929,"Arsenal - Chelsea, 2 - 2","['1609', '1610']",England,Arsenal - Chelsea (2018-01-03)
1006,2018-01-01 17:30:00,1611,2499932,"Everton - Manchester United, 0 - 2","['1611', '1623']",England,Everton - Manchester United (2018-01-01)
1007,2017-12-30 15:00:00,0,2499925,"Newcastle United - Brighton & Hove Albion, 0 - 0","['1613', '1651']",England,Newcastle United - Brighton & Hove Albion (2017-12-30)
1008,2017-12-23 17:30:00,1624,2499901,"Burnley - Tottenham Hotspur, 0 - 3","['1624', '1646']",England,Burnley - Tottenham Hotspur (2017-12-23)
1009,2017-12-23 15:00:00,0,2499905,"Southampton - Huddersfield Town, 1 - 1","['1619', '1673']",England,Southampton - Huddersfield Town (2017-12-23)
1010,2017-12-23 15:00:00,0,2499907,"Swansea City - Crystal Palace, 1 - 1","['1628', '10531']",England,Swansea City - Crystal Palace (2017-12-23)
1011,2017-12-23 15:00:00,1613,2499908,"West Ham United - Newcastle United, 2 - 3","['1613', '1633']",England,West Ham United - Newcastle United (2017-12-23)
1012,2017-12-18 20:00:00,1623,2499893,"Everton - Swansea City, 3 - 1","['1623', '10531']",England,Everton - Swansea City (2017-12-18)
1013,2017-12-17 14:15:00,1611,2499898,"West Bromwich Albion - Manchester United, 1 - 2","['1611', '1627']",England,West Bromwich Albion - Manchester United (2017-12-17)
1014,2017-12-16 15:00:00,1609,2499890,"Arsenal - Newcastle United, 1 - 0","['1609', '1613']",England,Arsenal - Newcastle United (2017-12-16)
1015,2017-12-16 12:30:00,1628,2499894,"Leicester City - Crystal Palace, 0 - 3","['1628', '1631']",England,Leicester City - Crystal Palace (2017-12-16)
1016,2017-12-13 20:00:00,0,2499882,"West Ham United - Arsenal, 0 - 0","['1609', '1633']",England,West Ham United - Arsenal (2017-12-13)
1017,2017-12-10 12:00:00,0,2499875,"Southampton - Arsenal, 1 - 1","['1609', '1619']",England,Southampton - Arsenal (2017-12-10)
1018,2017-12-09 17:30:00,1631,2499874,"Newcastle United - Leicester City, 2 - 3","['1613', '1631']",England,Newcastle United - Leicester City (2017-12-09)
1019,2017-12-09 15:00:00,1624,2499877,"Tottenham Hotspur - Stoke City, 5 - 1","['1624', '1639']",England,Tottenham Hotspur - Stoke City (2017-12-09)
1020,2017-12-02 15:00:00,1631,2499864,"Leicester City - Burnley, 1 - 0","['1631', '1646']",England,Leicester City - Burnley (2017-12-02)
1021,2017-12-02 15:00:00,0,2499867,"Watford - Tottenham Hotspur, 1 - 1","['1624', '1644']",England,Watford - Tottenham Hotspur (2017-12-02)
1022,2017-12-02 15:00:00,0,2499868,"West Bromwich Albion - Crystal Palace, 0 - 0","['1627', '1628']",England,West Bromwich Albion - Crystal Palace (2017-12-02)
1023,2017-11-29 20:00:00,1625,2499857,"Manchester City - Southampton, 2 - 1","['1619', '1625']",England,Manchester City - Southampton (2017-11-29)
1024,2018-02-03 15:00:00,1659,2499969,"AFC Bournemouth - Stoke City, 2 - 1","['1639', '1659']",England,AFC Bournemouth - Stoke City (2018-02-03)
1025,2018-02-03 12:30:00,0,2499972,"Burnley - Manchester City, 1 - 1","['1625', '1646']",England,Burnley - Manchester City (2018-02-03)
1026,2018-01-31 20:00:00,1625,2499966,"Manchester City - West Bromwich Albion, 3 - 0","['1625', '1627']",England,Manchester City - West Bromwich Albion (2018-01-31)
1027,2018-01-31 19:45:00,0,2499965,"Southampton - Brighton & Hove Albion, 1 - 1","['1619', '1651']",England,Southampton - Brighton & Hove Albion (2018-01-31)
1028,2018-01-20 15:00:00,0,2499952,"Everton - West Bromwich Albion, 1 - 1","['1623', '1627']",England,Everton - West Bromwich Albion (2018-01-20)
1029,2018-01-20 12:30:00,1610,2499950,"Brighton & Hove Albion - Chelsea, 0 - 4","['1610', '1651']",England,Brighton & Hove Albion - Chelsea (2018-01-20)
1030,2018-01-14 13:30:00,1659,2499939,"AFC Bournemouth - Arsenal, 2 - 1","['1609', '1659']",England,AFC Bournemouth - Arsenal (2018-01-14)
1031,2018-01-13 17:30:00,1624,2499946,"Tottenham Hotspur - Everton, 4 - 0","['1623', '1624']",England,Tottenham Hotspur - Everton (2018-01-13)
1032,2018-01-13 15:00:00,0,2499940,"Chelsea - Leicester City, 0 - 0","['1610', '1631']",England,Chelsea - Leicester City (2018-01-13)
1033,2018-01-01 15:00:00,1612,2499931,"Burnley - Liverpool, 1 - 2","['1612', '1646']",England,Burnley - Liverpool (2018-01-01)
1034,2018-01-01 15:00:00,1613,2499936,"Stoke City - Newcastle United, 0 - 1","['1613', '1639']",England,Stoke City - Newcastle United (2018-01-01)
1035,2017-12-30 15:00:00,1659,2499919,"AFC Bournemouth - Everton, 2 - 1","['1623', '1659']",England,AFC Bournemouth - Everton (2017-12-30)
1036,2017-12-30 15:00:00,1612,2499923,"Liverpool - Leicester City, 2 - 1","['1612', '1631']",England,Liverpool - Leicester City (2017-12-30)
1037,2017-12-30 15:00:00,10531,2499927,"Watford - Swansea City, 1 - 2","['1644', '10531']",England,Watford - Swansea City (2017-12-30)
1038,2017-12-26 17:30:00,1612,2499913,"Liverpool - Swansea City, 5 - 0","['1612', '10531']",England,Liverpool - Swansea City (2017-12-26)
1039,2017-12-23 15:00:00,1625,2499904,"Manchester City - AFC Bournemouth, 4 - 0","['1625', '1659']",England,Manchester City - AFC Bournemouth (2017-12-23)
1040,2017-12-23 12:30:00,0,2499902,"Everton - Chelsea, 0 - 0","['1610', '1623']",England,Everton - Chelsea (2017-12-23)
1041,2017-12-17 16:30:00,1612,2499889,"AFC Bournemouth - Liverpool, 0 - 4","['1612', '1659']",England,AFC Bournemouth - Liverpool (2017-12-17)
1042,2017-12-16 15:00:00,1673,2499897,"Watford - Huddersfield Town, 1 - 4","['1644', '1673']",England,Watford - Huddersfield Town (2017-12-16)
1043,2017-12-13 19:45:00,1625,2499881,"Swansea City - Manchester City, 0 - 4","['1625', '10531']",England,Swansea City - Manchester City (2017-12-13)
1044,2017-12-12 19:45:00,1646,2499879,"Burnley - Stoke City, 1 - 0","['1639', '1646']",England,Burnley - Stoke City (2017-12-12)
1045,2017-12-09 12:30:00,1633,2499878,"West Ham United - Chelsea, 1 - 0","['1610', '1633']",England,West Ham United - Chelsea (2017-12-09)
1046,2017-12-02 12:30:00,1610,2499862,"Chelsea - Newcastle United, 3 - 1","['1610', '1613']",England,Chelsea - Newcastle United (2017-12-02)
1047,2018-02-04 14:15:00,0,2499973,"Crystal Palace - Newcastle United, 1 - 1","['1613', '1628']",England,Crystal Palace - Newcastle United (2018-02-04)
1048,2018-02-03 15:00:00,0,2499974,"Leicester City - Swansea City, 1 - 1","['1631', '10531']",England,Leicester City - Swansea City (2018-02-03)
1049,2018-02-03 15:00:00,1611,2499976,"Manchester United - Huddersfield Town, 2 - 0","['1611', '1673']",England,Manchester United - Huddersfield Town (2018-02-03)
1050,2018-01-30 19:45:00,10531,2499960,"Swansea City - Arsenal, 3 - 1","['1609', '10531']",England,Swansea City - Arsenal (2018-01-30)
1051,2018-01-20 15:00:00,1631,2499953,"Leicester City - Watford, 2 - 0","['1631', '1644']",England,Leicester City - Watford (2018-01-20)
1052,2018-01-20 15:00:00,0,2499958,"West Ham United - AFC Bournemouth, 1 - 1","['1633', '1659']",England,West Ham United - AFC Bournemouth (2018-01-20)
1053,2018-01-15 20:00:00,1611,2499944,"Manchester United - Stoke City, 3 - 0","['1611', '1639']",England,Manchester United - Stoke City (2018-01-15)
1054,2018-01-14 16:00:00,1612,2499943,"Liverpool - Manchester City, 4 - 3","['1612', '1625']",England,Liverpool - Manchester City (2018-01-14)
1055,2018-01-13 15:00:00,1633,2499942,"Huddersfield Town - West Ham United, 1 - 4","['1633', '1673']",England,Huddersfield Town - West Ham United (2018-01-13)
1056,2018-01-13 15:00:00,1627,2499948,"West Bromwich Albion - Brighton & Hove Albion, 2 - 0","['1627', '1651']",England,West Bromwich Albion - Brighton & Hove Albion (2018-01-13)
1057,2018-01-02 19:45:00,1633,2499938,"West Ham United - West Bromwich Albion, 2 - 1","['1627', '1633']",England,West Ham United - West Bromwich Albion (2018-01-02)
1058,2018-01-02 20:00:00,1625,2499934,"Manchester City - Watford, 3 - 1","['1625', '1644']",England,Manchester City - Watford (2018-01-02)
1059,2017-12-31 12:00:00,0,2499921,"Crystal Palace - Manchester City, 0 - 0","['1625', '1628']",England,Crystal Palace - Manchester City (2017-12-31)
1060,2017-12-30 15:00:00,1610,2499920,"Chelsea - Stoke City, 5 - 0","['1610', '1639']",England,Chelsea - Stoke City (2017-12-30)
1061,2017-12-30 15:00:00,0,2499922,"Huddersfield Town - Burnley, 0 - 0","['1646', '1673']",England,Huddersfield Town - Burnley (2017-12-30)
1062,2017-12-26 15:00:00,0,2499912,"Huddersfield Town - Stoke City, 1 - 1","['1639', '1673']",England,Huddersfield Town - Stoke City (2017-12-26)
1063,2017-12-23 19:45:00,0,2499903,"Leicester City - Manchester United, 2 - 2","['1611', '1631']",England,Leicester City - Manchester United (2017-12-23)
1064,2017-12-23 15:00:00,1639,2499906,"Stoke City - West Bromwich Albion, 3 - 1","['1627', '1639']",England,Stoke City - West Bromwich Albion (2017-12-23)
1065,2017-12-22 19:45:00,0,2499899,"Arsenal - Liverpool, 3 - 3","['1609', '1612']",England,Arsenal - Liverpool (2017-12-22)
1066,2017-12-16 17:30:00,1625,2499895,"Manchester City - Tottenham Hotspur, 4 - 1","['1624', '1625']",England,Manchester City - Tottenham Hotspur (2017-12-16)
1067,2017-12-16 16:00:00,1633,2499896,"Stoke City - West Ham United, 0 - 3","['1633', '1639']",England,Stoke City - West Ham United (2017-12-16)
1068,2017-12-16 15:00:00,0,2499891,"Brighton & Hove Albion - Burnley, 0 - 0","['1646', '1651']",England,Brighton & Hove Albion - Burnley (2017-12-16)
1069,2017-12-13 20:00:00,1611,2499884,"Manchester United - AFC Bournemouth, 1 - 0","['1611', '1659']",England,Manchester United - AFC Bournemouth (2017-12-13)
1070,2017-12-13 19:45:00,1623,2499885,"Newcastle United - Everton, 0 - 1","['1613', '1623']",England,Newcastle United - Everton (2017-12-13)
1071,2017-12-12 20:00:00,1628,2499883,"Crystal Palace - Watford, 2 - 1","['1628', '1644']",England,Crystal Palace - Watford (2017-12-12)
1072,2017-12-10 16:30:00,1625,2499873,"Manchester United - Manchester City, 1 - 2","['1611', '1625']",England,Manchester United - Manchester City (2017-12-10)
1073,2017-12-09 15:00:00,0,2499870,"Crystal Palace - AFC Bournemouth, 2 - 2","['1628', '1659']",England,Crystal Palace - AFC Bournemouth (2017-12-09)
1074,2017-12-03 16:00:00,1625,2499865,"Manchester City - West Ham United, 2 - 1","['1625', '1633']",England,Manchester City - West Ham United (2017-12-03)
1075,2017-12-03 13:30:00,0,2499859,"AFC Bournemouth - Southampton, 1 - 1","['1619', '1659']",England,AFC Bournemouth - Southampton (2017-12-03)
1076,2017-12-02 17:30:00,1611,2499860,"Arsenal - Manchester United, 1 - 3","['1609', '1611']",England,Arsenal - Manchester United (2017-12-02)
1077,2017-12-02 15:00:00,1623,2499863,"Everton - Huddersfield Town, 2 - 0","['1623', '1673']",England,Everton - Huddersfield Town (2017-12-02)
1078,2017-11-29 20:00:00,1612,2499858,"Stoke City - Liverpool, 0 - 3","['1612', '1639']",England,Stoke City - Liverpool (2017-11-29)
1079,2017-11-29 19:45:00,1646,2499849,"AFC Bournemouth - Burnley, 1 - 2","['1646', '1659']",England,AFC Bournemouth - Burnley (2017-11-29)
1080,2018-02-03 15:00:00,1651,2499971,"Brighton & Hove Albion - West Ham United, 3 - 1","['1633', '1651']",England,Brighton & Hove Albion - West Ham United (2018-02-03)
1081,2018-01-31 20:00:00,0,2499967,"Stoke City - Watford, 0 - 0","['1639', '1644']",England,Stoke City - Watford (2018-01-31)
1082,2018-01-31 19:45:00,1659,2499962,"Chelsea - AFC Bournemouth, 0 - 3","['1610', '1659']",England,Chelsea - AFC Bournemouth (2018-01-31)
1083,2018-01-31 19:45:00,1623,2499963,"Everton - Leicester City, 2 - 1","['1623', '1631']",England,Everton - Leicester City (2018-01-31)
1084,2018-01-31 19:45:00,0,2499964,"Newcastle United - Burnley, 1 - 1","['1613', '1646']",England,Newcastle United - Burnley (2018-01-31)
1085,2018-01-30 20:00:00,1612,2499959,"Huddersfield Town - Liverpool, 0 - 3","['1612', '1673']",England,Huddersfield Town - Liverpool (2018-01-30)
1086,2018-01-30 19:45:00,0,2499961,"West Ham United - Crystal Palace, 1 - 1","['1628', '1633']",England,West Ham United - Crystal Palace (2018-01-30)
1087,2018-01-22 20:00:00,10531,2499957,"Swansea City - Liverpool, 1 - 0","['1612', '10531']",England,Swansea City - Liverpool (2018-01-22)
1088,2018-01-21 16:00:00,0,2499955,"Southampton - Tottenham Hotspur, 1 - 1","['1619', '1624']",England,Southampton - Tottenham Hotspur (2018-01-21)
1089,2018-01-20 17:30:00,1625,2499954,"Manchester City - Newcastle United, 3 - 1","['1613', '1625']",England,Manchester City - Newcastle United (2018-01-20)
1090,2018-01-20 15:00:00,1611,2499951,"Burnley - Manchester United, 0 - 1","['1611', '1646']",England,Burnley - Manchester United (2018-01-20)
1091,2018-01-13 15:00:00,0,2499945,"Newcastle United - Swansea City, 1 - 1","['1613', '10531']",England,Newcastle United - Swansea City (2018-01-13)
1092,2018-01-02 19:45:00,1624,2499937,"Swansea City - Tottenham Hotspur, 0 - 2","['1624', '10531']",England,Swansea City - Tottenham Hotspur (2018-01-02)
1093,2018-01-02 19:45:00,1628,2499935,"Southampton - Crystal Palace, 1 - 2","['1619', '1628']",England,Southampton - Crystal Palace (2018-01-02)
1094,2018-01-01 15:00:00,1631,2499933,"Leicester City - Huddersfield Town, 3 - 0","['1631', '1673']",England,Leicester City - Huddersfield Town (2018-01-01)
1095,2018-01-01 12:30:00,0,2499930,"Brighton & Hove Albion - AFC Bournemouth, 2 - 2","['1651', '1659']",England,Brighton & Hove Albion - AFC Bournemouth (2018-01-01)
1096,2017-12-31 16:30:00,0,2499928,"West Bromwich Albion - Arsenal, 1 - 1","['1609', '1627']",England,West Bromwich Albion - Arsenal (2017-12-31)
1097,2017-12-30 17:30:00,0,2499924,"Manchester United - Southampton, 0 - 0","['1611', '1619']",England,Manchester United - Southampton (2017-12-30)
1098,2017-12-28 20:00:00,1609,2499911,"Crystal Palace - Arsenal, 2 - 3","['1609', '1628']",England,Crystal Palace - Arsenal (2017-12-28)
1099,2017-12-27 19:45:00,1625,2499915,"Newcastle United - Manchester City, 0 - 1","['1613', '1625']",England,Newcastle United - Manchester City (2017-12-27)
1100,2017-12-26 15:00:00,0,2499909,"AFC Bournemouth - West Ham United, 3 - 3","['1633', '1659']",England,AFC Bournemouth - West Ham United (2017-12-26)
1101,2017-12-26 15:00:00,1610,2499910,"Chelsea - Brighton & Hove Albion, 2 - 0","['1610', '1651']",England,Chelsea - Brighton & Hove Albion (2017-12-26)
1102,2017-12-26 15:00:00,0,2499914,"Manchester United - Burnley, 2 - 2","['1611', '1646']",England,Manchester United - Burnley (2017-12-26)
1103,2017-12-26 15:00:00,1644,2499917,"Watford - Leicester City, 2 - 1","['1631', '1644']",England,Watford - Leicester City (2017-12-26)
1104,2017-12-26 15:00:00,0,2499918,"West Bromwich Albion - Everton, 0 - 0","['1623', '1627']",England,West Bromwich Albion - Everton (2017-12-26)
1105,2017-12-26 12:30:00,1624,2499916,"Tottenham Hotspur - Southampton, 5 - 2","['1619', '1624']",England,Tottenham Hotspur - Southampton (2017-12-26)
1106,2017-12-23 15:00:00,1651,2499900,"Brighton & Hove Albion - Watford, 1 - 0","['1644', '1651']",England,Brighton & Hove Albion - Watford (2017-12-23)
1107,2017-12-16 15:00:00,1610,2499892,"Chelsea - Southampton, 1 - 0","['1610', '1619']",England,Chelsea - Southampton (2017-12-16)
1108,2017-12-13 20:00:00,0,2499887,"Liverpool - West Bromwich Albion, 0 - 0","['1612', '1627']",England,Liverpool - West Bromwich Albion (2017-12-13)
1109,2017-12-13 20:00:00,1624,2499888,"Tottenham Hotspur - Brighton & Hove Albion, 2 - 0","['1624', '1651']",England,Tottenham Hotspur - Brighton & Hove Albion (2017-12-13)
1110,2017-12-13 19:45:00,1631,2499886,"Southampton - Leicester City, 1 - 4","['1619', '1631']",England,Southampton - Leicester City (2017-12-13)
1111,2017-12-12 20:00:00,1610,2499880,"Huddersfield Town - Chelsea, 1 - 3","['1610', '1673']",England,Huddersfield Town - Chelsea (2017-12-12)
1112,2017-12-10 14:15:00,0,2499872,"Liverpool - Everton, 1 - 1","['1612', '1623']",England,Liverpool - Everton (2017-12-10)
1113,2017-12-09 15:00:00,1646,2499869,"Burnley - Watford, 1 - 0","['1644', '1646']",England,Burnley - Watford (2017-12-09)
1114,2017-12-09 15:00:00,1673,2499871,"Huddersfield Town - Brighton & Hove Albion, 2 - 0","['1651', '1673']",England,Huddersfield Town - Brighton & Hove Albion (2017-12-09)
1115,2017-12-09 15:00:00,10531,2499876,"Swansea City - West Bromwich Albion, 1 - 0","['1627', '10531']",England,Swansea City - West Bromwich Albion (2017-12-09)
1116,2017-12-02 15:00:00,1612,2499861,"Brighton & Hove Albion - Liverpool, 1 - 5","['1612', '1651']",England,Brighton & Hove Albion - Liverpool (2017-12-02)
1117,2017-12-02 15:00:00,1639,2499866,"Stoke City - Swansea City, 2 - 1","['1639', '10531']",England,Stoke City - Swansea City (2017-12-02)
1118,2017-11-29 20:00:00,1623,2499856,"Everton - West Ham United, 4 - 0","['1623', '1633']",England,Everton - West Ham United (2017-11-29)
1119,2017-11-29 19:45:00,1610,2499855,"Chelsea - Swansea City, 1 - 0","['1610', '10531']",England,Chelsea - Swansea City (2017-11-29)
1120,2017-11-28 20:00:00,0,2499854,"West Bromwich Albion - Newcastle United, 2 - 2","['1613', '1627']",England,West Bromwich Albion - Newcastle United (2017-11-28)
1121,2017-11-28 19:45:00,1631,2499852,"Leicester City - Tottenham Hotspur, 2 - 1","['1624', '1631']",England,Leicester City - Tottenham Hotspur (2017-11-28)
1122,2017-11-26 13:30:00,1619,2499845,"Southampton - Everton, 4 - 1","['1619', '1623']",England,Southampton - Everton (2017-11-26)
1123,2017-11-25 15:00:00,0,2499847,"Tottenham Hotspur - West Bromwich Albion, 1 - 1","['1624', '1627']",England,Tottenham Hotspur - West Bromwich Albion (2017-11-25)
1124,2017-11-20 20:00:00,0,2499831,"Brighton & Hove Albion - Stoke City, 2 - 2","['1639', '1651']",England,Brighton & Hove Albion - Stoke City (2017-11-20)
1125,2017-11-18 15:00:00,1659,2499829,"AFC Bournemouth - Huddersfield Town, 4 - 0","['1659', '1673']",England,AFC Bournemouth - Huddersfield Town (2017-11-18)
1126,2017-11-18 12:30:00,1609,2499830,"Arsenal - Tottenham Hotspur, 2 - 0","['1609', '1624']",England,Arsenal - Tottenham Hotspur (2017-11-18)
1127,2017-11-05 16:30:00,1610,2499819,"Chelsea - Manchester United, 1 - 0","['1610', '1611']",England,Chelsea - Manchester United (2017-11-05)
1128,2017-11-04 17:30:00,1612,2499828,"West Ham United - Liverpool, 1 - 4","['1612', '1633']",England,West Ham United - Liverpool (2017-11-04)
1129,2017-11-04 15:00:00,1646,2499824,"Southampton - Burnley, 0 - 1","['1619', '1646']",England,Southampton - Burnley (2017-11-04)
1130,2017-11-04 12:30:00,0,2499825,"Stoke City - Leicester City, 2 - 2","['1631', '1639']",England,Stoke City - Leicester City (2017-11-04)
1131,2017-10-28 16:30:00,1610,2499809,"AFC Bournemouth - Chelsea, 0 - 1","['1610', '1659']",England,AFC Bournemouth - Chelsea (2017-10-28)
1132,2017-10-28 14:00:00,1609,2499810,"Arsenal - Swansea City, 2 - 1","['1609', '10531']",England,Arsenal - Swansea City (2017-10-28)
1133,2017-10-21 14:00:00,1631,2499806,"Swansea City - Leicester City, 1 - 2","['1631', '10531']",England,Swansea City - Leicester City (2017-10-21)
1134,2017-10-14 14:00:00,1628,2499791,"Crystal Palace - Chelsea, 2 - 1","['1610', '1628']",England,Crystal Palace - Chelsea (2017-10-14)
1135,2017-11-29 19:45:00,1609,2499850,"Arsenal - Huddersfield Town, 5 - 0","['1609', '1673']",England,Arsenal - Huddersfield Town (2017-11-29)
1136,2017-11-26 16:00:00,1625,2499841,"Huddersfield Town - Manchester City, 1 - 2","['1625', '1673']",England,Huddersfield Town - Manchester City (2017-11-26)
1137,2017-11-25 15:00:00,1611,2499843,"Manchester United - Brighton & Hove Albion, 1 - 0","['1611', '1651']",England,Manchester United - Brighton & Hove Albion (2017-11-25)
1138,2017-11-18 15:00:00,0,2499833,"Crystal Palace - Everton, 2 - 2","['1623', '1628']",England,Crystal Palace - Everton (2017-11-18)
1139,2017-11-05 16:30:00,1623,2499820,"Everton - Watford, 3 - 2","['1623', '1644']",England,Everton - Watford (2017-11-05)
1140,2017-11-05 14:15:00,1625,2499822,"Manchester City - Arsenal, 3 - 1","['1609', '1625']",England,Manchester City - Arsenal (2017-11-05)
1141,2017-11-04 15:00:00,1659,2499823,"Newcastle United - AFC Bournemouth, 0 - 1","['1613', '1659']",England,Newcastle United - AFC Bournemouth (2017-11-04)
1142,2017-10-29 13:30:00,0,2499811,"Brighton & Hove Albion - Southampton, 1 - 1","['1619', '1651']",England,Brighton & Hove Albion - Southampton (2017-10-29)
1143,2017-10-28 14:00:00,0,2499813,"Crystal Palace - West Ham United, 2 - 2","['1628', '1633']",England,Crystal Palace - West Ham United (2017-10-28)
1144,2017-10-28 14:00:00,1639,2499817,"Watford - Stoke City, 0 - 1","['1639', '1644']",England,Watford - Stoke City (2017-10-28)
1145,2017-10-22 15:00:00,1624,2499807,"Tottenham Hotspur - Liverpool, 4 - 1","['1612', '1624']",England,Tottenham Hotspur - Liverpool (2017-10-22)
1146,2017-10-22 12:30:00,1609,2499800,"Everton - Arsenal, 2 - 5","['1609', '1623']",England,Everton - Arsenal (2017-10-22)
1147,2017-10-21 14:00:00,1659,2499805,"Stoke City - AFC Bournemouth, 1 - 2","['1639', '1659']",England,Stoke City - AFC Bournemouth (2017-10-21)
1148,2017-10-21 11:30:00,1610,2499799,"Chelsea - Watford, 4 - 2","['1610', '1644']",England,Chelsea - Watford (2017-10-21)
1149,2017-10-20 19:00:00,1651,2499808,"West Ham United - Brighton & Hove Albion, 0 - 3","['1633', '1651']",England,West Ham United - Brighton & Hove Albion (2017-10-20)
1150,2017-10-15 12:30:00,0,2499789,"Brighton & Hove Albion - Everton, 1 - 1","['1623', '1651']",England,Brighton & Hove Albion - Everton (2017-10-15)
1151,2017-10-14 14:00:00,0,2499790,"Burnley - West Ham United, 1 - 1","['1633', '1646']",England,Burnley - West Ham United (2017-10-14)
1152,2017-11-28 20:00:00,1611,2499853,"Watford - Manchester United, 2 - 4","['1611', '1644']",England,Watford - Manchester United (2017-11-28)
1153,2017-11-25 15:00:00,0,2499846,"Swansea City - AFC Bournemouth, 0 - 0","['1659', '10531']",England,Swansea City - AFC Bournemouth (2017-11-25)
1154,2017-11-24 20:00:00,0,2499848,"West Ham United - Leicester City, 1 - 1","['1631', '1633']",England,West Ham United - Leicester City (2017-11-24)
1155,2017-11-19 16:00:00,1644,2499837,"Watford - West Ham United, 2 - 0","['1633', '1644']",England,Watford - West Ham United (2017-11-19)
1156,2017-11-18 15:00:00,1612,2499835,"Liverpool - Southampton, 3 - 0","['1612', '1619']",England,Liverpool - Southampton (2017-11-18)
1157,2017-11-18 15:00:00,1610,2499838,"West Bromwich Albion - Chelsea, 0 - 4","['1610', '1627']",England,West Bromwich Albion - Chelsea (2017-11-18)
1158,2017-11-05 12:00:00,1624,2499827,"Tottenham Hotspur - Crystal Palace, 1 - 0","['1624', '1628']",England,Tottenham Hotspur - Crystal Palace (2017-11-05)
1159,2017-10-30 20:00:00,1646,2499812,"Burnley - Newcastle United, 1 - 0","['1613', '1646']",England,Burnley - Newcastle United (2017-10-30)
1160,2017-10-29 16:00:00,1631,2499814,"Leicester City - Everton, 2 - 0","['1623', '1631']",England,Leicester City - Everton (2017-10-29)
1161,2017-10-28 14:00:00,1612,2499815,"Liverpool - Huddersfield Town, 3 - 0","['1612', '1673']",England,Liverpool - Huddersfield Town (2017-10-28)
1162,2017-10-28 14:00:00,1625,2499818,"West Bromwich Albion - Manchester City, 2 - 3","['1625', '1627']",England,West Bromwich Albion - Manchester City (2017-10-28)
1163,2017-10-28 11:30:00,1611,2499816,"Manchester United - Tottenham Hotspur, 1 - 0","['1611', '1624']",England,Manchester United - Tottenham Hotspur (2017-10-28)
1164,2017-10-21 14:00:00,1673,2499801,"Huddersfield Town - Manchester United, 2 - 1","['1611', '1673']",England,Huddersfield Town - Manchester United (2017-10-21)
1165,2017-10-16 19:00:00,0,2499792,"Leicester City - West Bromwich Albion, 1 - 1","['1627', '1631']",England,Leicester City - West Bromwich Albion (2017-10-16)
1166,2017-11-28 19:45:00,0,2499851,"Brighton & Hove Albion - Crystal Palace, 0 - 0","['1628', '1651']",England,Brighton & Hove Albion - Crystal Palace (2017-11-28)
1167,2017-11-26 14:00:00,1609,2499839,"Burnley - Arsenal, 0 - 1","['1609', '1646']",England,Burnley - Arsenal (2017-11-26)
1168,2017-11-25 17:30:00,0,2499842,"Liverpool - Chelsea, 1 - 1","['1610', '1612']",England,Liverpool - Chelsea (2017-11-25)
1169,2017-11-25 15:00:00,1628,2499840,"Crystal Palace - Stoke City, 2 - 1","['1628', '1639']",England,Crystal Palace - Stoke City (2017-11-25)
1170,2017-11-25 15:00:00,1644,2499844,"Newcastle United - Watford, 0 - 3","['1613', '1644']",England,Newcastle United - Watford (2017-11-25)
1171,2017-11-18 17:30:00,1611,2499836,"Manchester United - Newcastle United, 4 - 1","['1611', '1613']",England,Manchester United - Newcastle United (2017-11-18)
1172,2017-11-18 15:00:00,1646,2499832,"Burnley - Swansea City, 2 - 0","['1646', '10531']",England,Burnley - Swansea City (2017-11-18)
1173,2017-11-18 15:00:00,1625,2499834,"Leicester City - Manchester City, 0 - 2","['1625', '1631']",England,Leicester City - Manchester City (2017-11-18)
1174,2017-11-04 15:00:00,1673,2499821,"Huddersfield Town - West Bromwich Albion, 1 - 0","['1627', '1673']",England,Huddersfield Town - West Bromwich Albion (2017-11-04)
1175,2017-11-04 15:00:00,1651,2499826,"Swansea City - Brighton & Hove Albion, 0 - 1","['1651', '10531']",England,Swansea City - Brighton & Hove Albion (2017-11-04)
1176,2017-10-21 16:30:00,1619,2499804,"Southampton - West Bromwich Albion, 1 - 0","['1619', '1627']",England,Southampton - West Bromwich Albion (2017-10-21)
1177,2017-10-21 14:00:00,1625,2499802,"Manchester City - Burnley, 3 - 0","['1625', '1646']",England,Manchester City - Burnley (2017-10-21)
1178,2017-10-21 14:00:00,1613,2499803,"Newcastle United - Crystal Palace, 1 - 0","['1613', '1628']",England,Newcastle United - Crystal Palace (2017-10-21)
1179,2017-10-15 15:00:00,0,2499795,"Southampton - Newcastle United, 2 - 2","['1613', '1619']",England,Southampton - Newcastle United (2017-10-15)
1180,2017-10-14 16:30:00,1644,2499798,"Watford - Arsenal, 2 - 1","['1609', '1644']",England,Watford - Arsenal (2017-10-14)
1181,2017-10-14 14:00:00,1624,2499797,"Tottenham Hotspur - AFC Bournemouth, 1 - 0","['1624', '1659']",England,Tottenham Hotspur - AFC Bournemouth (2017-10-14)
1182,2017-10-01 15:30:00,0,2499785,"Newcastle United - Liverpool, 1 - 1","['1612', '1613']",England,Newcastle United - Liverpool (2017-10-01)
1183,2017-09-30 14:00:00,1611,2499784,"Manchester United - Crystal Palace, 4 - 0","['1611', '1628']",England,Manchester United - Crystal Palace (2017-09-30)
1184,2017-09-23 16:30:00,1612,2499773,"Leicester City - Liverpool, 2 - 3","['1612', '1631']",England,Leicester City - Liverpool (2017-09-23)
1185,2017-09-23 14:00:00,1644,2499777,"Swansea City - Watford, 1 - 2","['1644', '10531']",England,Swansea City - Watford (2017-09-23)
1186,2017-09-23 11:30:00,1624,2499778,"West Ham United - Tottenham Hotspur, 2 - 3","['1624', '1633']",England,West Ham United - Tottenham Hotspur (2017-09-23)
1187,2017-09-17 12:30:00,0,2499760,"Chelsea - Arsenal, 0 - 0","['1609', '1610']",England,Chelsea - Arsenal (2017-09-17)
1188,2017-09-11 19:00:00,1633,2499758,"West Ham United - Huddersfield Town, 2 - 0","['1633', '1673']",England,West Ham United - Huddersfield Town (2017-09-11)
1189,2017-09-10 12:30:00,1646,2499751,"Burnley - Crystal Palace, 1 - 0","['1628', '1646']",England,Burnley - Crystal Palace (2017-09-10)
1190,2017-09-09 14:00:00,1609,2499749,"Arsenal - AFC Bournemouth, 3 - 0","['1609', '1659']",England,Arsenal - AFC Bournemouth (2017-09-09)
1191,2017-09-09 14:00:00,1651,2499750,"Brighton & Hove Albion - West Bromwich Albion, 3 - 1","['1627', '1651']",England,Brighton & Hove Albion - West Bromwich Albion (2017-09-09)
1192,2017-08-26 14:00:00,0,2499747,"Watford - Brighton & Hove Albion, 0 - 0","['1644', '1651']",England,Watford - Brighton & Hove Albion (2017-08-26)
1193,2017-08-26 11:30:00,1625,2499739,"AFC Bournemouth - Manchester City, 1 - 2","['1625', '1659']",England,AFC Bournemouth - Manchester City (2017-08-26)
1194,2017-08-19 14:00:00,1627,2499730,"Burnley - West Bromwich Albion, 0 - 1","['1627', '1646']",England,Burnley - West Bromwich Albion (2017-08-19)
1195,2017-08-19 14:00:00,1612,2499733,"Liverpool - Crystal Palace, 1 - 0","['1612', '1628']",England,Liverpool - Crystal Palace (2017-08-19)
1196,2017-10-14 14:00:00,1625,2499794,"Manchester City - Stoke City, 7 - 2","['1625', '1639']",England,Manchester City - Stoke City (2017-10-14)
1197,2017-10-01 13:15:00,1646,2499782,"Everton - Burnley, 0 - 1","['1623', '1646']",England,Everton - Burnley (2017-10-01)
1198,2017-10-01 11:00:00,1609,2499780,"Arsenal - Brighton & Hove Albion, 2 - 0","['1609', '1651']",England,Arsenal - Brighton & Hove Albion (2017-10-01)
1199,2017-09-30 14:00:00,0,2499779,"AFC Bournemouth - Leicester City, 0 - 0","['1631', '1659']",England,AFC Bournemouth - Leicester City (2017-09-30)
1200,2017-09-24 15:00:00,1651,2499770,"Brighton & Hove Albion - Newcastle United, 1 - 0","['1613', '1651']",England,Brighton & Hove Albion - Newcastle United (2017-09-24)
1201,2017-09-23 14:00:00,1610,2499776,"Stoke City - Chelsea, 0 - 4","['1610', '1639']",England,Stoke City - Chelsea (2017-09-23)
1202,2017-09-17 15:00:00,1611,2499764,"Manchester United - Everton, 4 - 0","['1611', '1623']",England,Manchester United - Everton (2017-09-17)
1203,2017-09-16 14:00:00,1613,2499765,"Newcastle United - Stoke City, 2 - 1","['1613', '1639']",England,Newcastle United - Stoke City (2017-09-16)
1204,2017-09-16 14:00:00,0,2499768,"West Bromwich Albion - West Ham United, 0 - 0","['1627', '1633']",England,West Bromwich Albion - West Ham United (2017-09-16)
1205,2017-09-09 14:00:00,1624,2499752,"Everton - Tottenham Hotspur, 0 - 3","['1623', '1624']",England,Everton - Tottenham Hotspur (2017-09-09)
1206,2017-08-27 15:00:00,0,2499746,"Tottenham Hotspur - Burnley, 1 - 1","['1624', '1646']",England,Tottenham Hotspur - Burnley (2017-08-27)
1207,2017-08-27 12:30:00,0,2499748,"West Bromwich Albion - Stoke City, 1 - 1","['1627', '1639']",England,West Bromwich Albion - Stoke City (2017-08-27)
1208,2017-08-26 16:30:00,1611,2499744,"Manchester United - Leicester City, 2 - 0","['1611', '1631']",England,Manchester United - Leicester City (2017-08-26)
1209,2017-08-21 19:00:00,0,2499734,"Manchester City - Everton, 1 - 1","['1623', '1625']",England,Manchester City - Everton (2017-08-21)
1210,2017-08-20 15:00:00,1610,2499737,"Tottenham Hotspur - Chelsea, 1 - 2","['1610', '1624']",England,Tottenham Hotspur - Chelsea (2017-08-20)
1211,2017-10-14 14:00:00,10531,2499796,"Swansea City - Huddersfield Town, 2 - 0","['1673', '10531']",England,Swansea City - Huddersfield Town (2017-10-14)
1212,2017-09-30 14:00:00,0,2499787,"West Bromwich Albion - Watford, 2 - 2","['1627', '1644']",England,West Bromwich Albion - Watford (2017-09-30)
1213,2017-09-30 14:00:00,1633,2499788,"West Ham United - Swansea City, 1 - 0","['1633', '10531']",England,West Ham United - Swansea City (2017-09-30)
1214,2017-09-23 14:00:00,1623,2499772,"Everton - AFC Bournemouth, 2 - 1","['1623', '1659']",England,Everton - AFC Bournemouth (2017-09-23)
1215,2017-09-16 14:00:00,0,2499762,"Huddersfield Town - Leicester City, 1 - 1","['1631', '1673']",England,Huddersfield Town - Leicester City (2017-09-16)
1216,2017-09-16 14:00:00,0,2499763,"Liverpool - Burnley, 1 - 1","['1612', '1646']",England,Liverpool - Burnley (2017-09-16)
1217,2017-09-16 11:30:00,1619,2499761,"Crystal Palace - Southampton, 0 - 1","['1619', '1628']",England,Crystal Palace - Southampton (2017-09-16)
1218,2017-09-15 19:00:00,1659,2499759,"AFC Bournemouth - Brighton & Hove Albion, 2 - 1","['1651', '1659']",England,AFC Bournemouth - Brighton & Hove Albion (2017-09-15)
1219,2017-09-10 15:00:00,1613,2499757,"Swansea City - Newcastle United, 0 - 1","['1613', '10531']",England,Swansea City - Newcastle United (2017-09-10)
1220,2017-09-09 16:30:00,0,2499756,"Stoke City - Manchester United, 2 - 2","['1611', '1639']",England,Stoke City - Manchester United (2017-09-09)
1221,2017-09-09 11:30:00,1625,2499754,"Manchester City - Liverpool, 5 - 0","['1612', '1625']",England,Manchester City - Liverpool (2017-09-09)
1222,2017-08-26 14:00:00,0,2499742,"Huddersfield Town - Southampton, 0 - 0","['1619', '1673']",England,Huddersfield Town - Southampton (2017-08-26)
1223,2017-08-26 14:00:00,1613,2499745,"Newcastle United - West Ham United, 3 - 0","['1613', '1633']",England,Newcastle United - West Ham United (2017-08-26)
1224,2017-08-20 12:30:00,1673,2499731,"Huddersfield Town - Newcastle United, 1 - 0","['1613', '1673']",England,Huddersfield Town - Newcastle United (2017-08-20)
1225,2017-08-19 16:30:00,1639,2499735,"Stoke City - Arsenal, 1 - 0","['1609', '1639']",England,Stoke City - Arsenal (2017-08-19)
1226,2017-10-14 11:30:00,0,2499793,"Liverpool - Manchester United, 0 - 0","['1611', '1612']",England,Liverpool - Manchester United (2017-10-14)
1227,2017-09-30 16:30:00,1625,2499781,"Chelsea - Manchester City, 0 - 1","['1610', '1625']",England,Chelsea - Manchester City (2017-09-30)
1228,2017-09-30 14:00:00,1639,2499786,"Stoke City - Southampton, 2 - 1","['1619', '1639']",England,Stoke City - Southampton (2017-09-30)
1229,2017-09-30 11:30:00,1624,2499783,"Huddersfield Town - Tottenham Hotspur, 0 - 4","['1624', '1673']",England,Huddersfield Town - Tottenham Hotspur (2017-09-30)
1230,2017-09-25 19:00:00,1609,2499769,"Arsenal - West Bromwich Albion, 2 - 0","['1609', '1627']",England,Arsenal - West Bromwich Albion (2017-09-25)
1231,2017-09-23 14:00:00,0,2499771,"Burnley - Huddersfield Town, 0 - 0","['1646', '1673']",England,Burnley - Huddersfield Town (2017-09-23)
1232,2017-09-23 14:00:00,1625,2499774,"Manchester City - Crystal Palace, 5 - 0","['1625', '1628']",England,Manchester City - Crystal Palace (2017-09-23)
1233,2017-09-23 14:00:00,1611,2499775,"Southampton - Manchester United, 0 - 1","['1611', '1619']",England,Southampton - Manchester United (2017-09-23)
1234,2017-09-16 16:30:00,0,2499766,"Tottenham Hotspur - Swansea City, 0 - 0","['1624', '10531']",England,Tottenham Hotspur - Swansea City (2017-09-16)
1235,2017-09-16 14:00:00,1625,2499767,"Watford - Manchester City, 0 - 6","['1625', '1644']",England,Watford - Manchester City (2017-09-16)
1236,2017-09-09 14:00:00,1610,2499753,"Leicester City - Chelsea, 1 - 2","['1610', '1631']",England,Leicester City - Chelsea (2017-09-09)
1237,2017-09-09 14:00:00,1644,2499755,"Southampton - Watford, 0 - 2","['1619', '1644']",England,Southampton - Watford (2017-09-09)
1238,2017-08-27 15:00:00,1612,2499743,"Liverpool - Arsenal, 4 - 0","['1609', '1612']",England,Liverpool - Arsenal (2017-08-27)
1239,2017-08-27 12:30:00,1610,2499740,"Chelsea - Everton, 2 - 0","['1610', '1623']",England,Chelsea - Everton (2017-08-27)
1240,2017-08-26 14:00:00,10531,2499741,"Crystal Palace - Swansea City, 0 - 2","['1628', '10531']",England,Crystal Palace - Swansea City (2017-08-26)
1241,2017-08-19 14:00:00,1644,2499729,"AFC Bournemouth - Watford, 0 - 2","['1644', '1659']",England,AFC Bournemouth - Watford (2017-08-19)
1242,2017-08-19 14:00:00,1631,2499732,"Leicester City - Brighton & Hove Albion, 2 - 0","['1631', '1651']",England,Leicester City - Brighton & Hove Albion (2017-08-19)
1243,2017-08-19 14:00:00,1619,2500036,"Southampton - West Ham United, 3 - 2","['1619', '1633']",England,Southampton - West Ham United (2017-08-19)
1244,2017-08-19 11:30:00,1611,2499736,"Swansea City - Manchester United, 0 - 4","['1611', '10531']",England,Swansea City - Manchester United (2017-08-19)
1245,2017-08-12 16:30:00,1625,2499720,"Brighton & Hove Albion - Manchester City, 0 - 2","['1625', '1651']",England,Brighton & Hove Albion - Manchester City (2017-08-12)
1246,2017-08-12 14:00:00,0,2499726,"Southampton - Swansea City, 0 - 0","['1619', '10531']",England,Southampton - Swansea City (2017-08-12)
1247,2017-08-13 12:30:00,1624,2499725,"Newcastle United - Tottenham Hotspur, 0 - 2","['1613', '1624']",England,Newcastle United - Tottenham Hotspur (2017-08-13)
1248,2017-08-12 14:00:00,1646,2499721,"Chelsea - Burnley, 2 - 3","['1610', '1646']",England,Chelsea - Burnley (2017-08-12)
1249,2017-08-12 14:00:00,1673,2499722,"Crystal Palace - Huddersfield Town, 0 - 3","['1628', '1673']",England,Crystal Palace - Huddersfield Town (2017-08-12)
1250,2017-08-11 18:45:00,1609,2499719,"Arsenal - Leicester City, 4 - 3","['1609', '1631']",England,Arsenal - Leicester City (2017-08-11)
1251,2017-08-12 14:00:00,1627,2499728,"West Bromwich Albion - AFC Bournemouth, 1 - 0","['1627', '1659']",England,West Bromwich Albion - AFC Bournemouth (2017-08-12)
1252,2017-08-13 15:00:00,1611,2499724,"Manchester United - West Ham United, 4 - 0","['1611', '1633']",England,Manchester United - West Ham United (2017-08-13)
1253,2017-08-12 14:00:00,1623,2499723,"Everton - Stoke City, 1 - 0","['1623', '1639']",England,Everton - Stoke City (2017-08-12)
1254,2017-08-12 11:30:00,0,2499727,"Watford - Liverpool, 3 - 3","['1612', '1644']",England,Watford - Liverpool (2017-08-12)
1255,2018-05-12 13:30:00,2445,2517036,"Bayern M\u00fcnchen - Stuttgart, 1 - 4","['2444', '2445']",Germany,Bayern M\u00fcnchen - Stuttgart (2018-05-12)
1256,2018-05-05 13:30:00,2444,2517029,"K\u00f6ln - Bayern M\u00fcnchen, 1 - 3","['2444', '2463']",Germany,K\u00f6ln - Bayern M\u00fcnchen (2018-05-05)
1257,2018-05-05 13:30:00,2462,2517032,"Eintracht Frankfurt - Hamburger SV, 3 - 0","['2450', '2462']",Germany,Eintracht Frankfurt - Hamburger SV (2018-05-05)
1258,2018-04-29 13:30:00,2460,2517025,"Mainz 05 - RB Leipzig, 3 - 0","['2460', '2975']",Germany,Mainz 05 - RB Leipzig (2018-04-29)
1259,2018-04-28 13:30:00,0,2517020,"Hertha BSC - Augsburg, 2 - 2","['2457', '2481']",Germany,Hertha BSC - Augsburg (2018-04-28)
1260,2018-04-21 13:30:00,2482,2517010,"RB Leipzig - Hoffenheim, 2 - 5","['2482', '2975']",Germany,RB Leipzig - Hoffenheim (2018-04-21)
1261,2018-04-21 13:30:00,2450,2517015,"Hamburger SV - Freiburg, 1 - 0","['2450', '2453']",Germany,Hamburger SV - Freiburg (2018-04-21)
1262,2018-04-20 18:30:00,2454,2517012,"Borussia M'gladbach - Wolfsburg, 3 - 0","['2451', '2454']",Germany,Borussia M'gladbach - Wolfsburg (2018-04-20)
1263,2018-04-14 16:30:00,2444,2517000,"Bayern M\u00fcnchen - Borussia M'gladbach, 5 - 1","['2444', '2454']",Germany,Bayern M\u00fcnchen - Borussia M'gladbach (2018-04-14)
1264,2018-04-08 13:30:00,2447,2516991,"Borussia Dortmund - Stuttgart, 3 - 0","['2445', '2447']",Germany,Borussia Dortmund - Stuttgart (2018-04-08)
1265,2018-04-07 16:30:00,0,2516998,"Hamburger SV - Schalke 04, 3 - 2","['2449', '2450']",Germany,Hamburger SV - Schalke 04 (2018-04-07)
1266,2018-04-07 13:30:00,2444,2516997,"Augsburg - Bayern M\u00fcnchen, 1 - 4","['2444', '2481']",Germany,Augsburg - Bayern M\u00fcnchen (2018-04-07)
1267,2018-03-31 18:30:00,0,2516984,"Hertha BSC - Wolfsburg, 0 - 0","['2451', '2457']",Germany,Hertha BSC - Wolfsburg (2018-03-31)
1268,2018-05-12 13:30:00,2975,2517038,"Hertha BSC - RB Leipzig, 2 - 6","['2457', '2975']",Germany,Hertha BSC - RB Leipzig (2018-05-12)
1269,2018-05-12 13:30:00,2443,2517043,"Mainz 05 - Werder Bremen, 1 - 2","['2443', '2460']",Germany,Mainz 05 - Werder Bremen (2018-05-12)
1270,2018-05-05 13:30:00,2460,2517027,"Borussia Dortmund - Mainz 05, 1 - 2","['2447', '2460']",Germany,Borussia Dortmund - Mainz 05 (2018-05-05)
1271,2018-05-05 13:30:00,2449,2517033,"Augsburg - Schalke 04, 1 - 2","['2449', '2481']",Germany,Augsburg - Schalke 04 (2018-05-05)
1272,2018-05-05 13:30:00,2455,2517034,"Hannover 96 - Hertha BSC, 3 - 1","['2455', '2457']",Germany,Hannover 96 - Hertha BSC (2018-05-05)
1273,2018-05-05 13:30:00,2445,2517035,"Stuttgart - Hoffenheim, 2 - 0","['2445', '2482']",Germany,Stuttgart - Hoffenheim (2018-05-05)
1274,2018-04-28 13:30:00,2450,2517026,"Wolfsburg - Hamburger SV, 1 - 3","['2450', '2451']",Germany,Wolfsburg - Hamburger SV (2018-04-28)
1275,2018-04-21 13:30:00,2457,2517013,"Eintracht Frankfurt - Hertha BSC, 0 - 3","['2457', '2462']",Germany,Eintracht Frankfurt - Hertha BSC (2018-04-21)
1276,2018-04-16 17:30:00,2460,2517006,"Mainz 05 - Freiburg, 2 - 0","['2453', '2460']",Germany,Mainz 05 - Freiburg (2018-04-16)
1277,2018-04-15 16:00:00,0,2517003,"Werder Bremen - RB Leipzig, 1 - 1","['2443', '2975']",Germany,Werder Bremen - RB Leipzig (2018-04-15)
1278,2018-04-14 13:30:00,2446,2517005,"Bayer Leverkusen - Eintracht Frankfurt, 4 - 1","['2446', '2462']",Germany,Bayer Leverkusen - Eintracht Frankfurt (2018-04-14)
1279,2018-04-13 18:30:00,0,2517007,"Wolfsburg - Augsburg, 0 - 0","['2451', '2481']",Germany,Wolfsburg - Augsburg (2018-04-13)
1280,2018-04-09 18:30:00,2446,2516992,"RB Leipzig - Bayer Leverkusen, 1 - 4","['2446', '2975']",Germany,RB Leipzig - Bayer Leverkusen (2018-04-09)
1281,2018-04-08 16:00:00,0,2516996,"Eintracht Frankfurt - Hoffenheim, 1 - 1","['2462', '2482']",Germany,Eintracht Frankfurt - Hoffenheim (2018-04-08)
1282,2018-03-31 13:30:00,2482,2516983,"Hoffenheim - K\u00f6ln, 6 - 0","['2463', '2482']",Germany,Hoffenheim - K\u00f6ln (2018-03-31)
1283,2018-03-31 13:30:00,2449,2516986,"Schalke 04 - Freiburg, 2 - 0","['2449', '2453']",Germany,Schalke 04 - Freiburg (2018-03-31)
1284,2018-05-12 13:30:00,2482,2517037,"Hoffenheim - Borussia Dortmund, 3 - 1","['2447', '2482']",Germany,Hoffenheim - Borussia Dortmund (2018-05-12)
1285,2018-05-12 13:30:00,2449,2517040,"Schalke 04 - Eintracht Frankfurt, 1 - 0","['2449', '2462']",Germany,Schalke 04 - Eintracht Frankfurt (2018-05-12)
1286,2018-05-05 13:30:00,2454,2517031,"Borussia M'gladbach - Freiburg, 3 - 1","['2453', '2454']",Germany,Borussia M'gladbach - Freiburg (2018-05-05)
1287,2018-04-28 16:30:00,2445,2517024,"Bayer Leverkusen - Stuttgart, 0 - 1","['2445', '2446']",Germany,Bayer Leverkusen - Stuttgart (2018-04-28)
1288,2018-04-28 13:30:00,2444,2517018,"Bayern M\u00fcnchen - Eintracht Frankfurt, 4 - 1","['2444', '2462']",Germany,Bayern M\u00fcnchen - Eintracht Frankfurt (2018-04-28)
1289,2018-04-28 13:30:00,2453,2517021,"Freiburg - K\u00f6ln, 3 - 2","['2453', '2463']",Germany,Freiburg - K\u00f6ln (2018-04-28)
1290,2018-04-27 18:30:00,2482,2517019,"Hoffenheim - Hannover 96, 3 - 1","['2455', '2482']",Germany,Hoffenheim - Hannover 96 (2018-04-27)
1291,2018-04-22 16:00:00,0,2517011,"K\u00f6ln - Schalke 04, 2 - 2","['2449', '2463']",Germany,K\u00f6ln - Schalke 04 (2018-04-22)
1292,2018-04-21 16:30:00,2447,2517009,"Borussia Dortmund - Bayer Leverkusen, 4 - 0","['2446', '2447']",Germany,Borussia Dortmund - Bayer Leverkusen (2018-04-21)
1293,2018-04-21 13:30:00,2444,2517016,"Hannover 96 - Bayern M\u00fcnchen, 0 - 3","['2444', '2455']",Germany,Hannover 96 - Bayern M\u00fcnchen (2018-04-21)
1294,2018-04-14 13:30:00,2482,2517001,"Hoffenheim - Hamburger SV, 2 - 0","['2450', '2482']",Germany,Hoffenheim - Hamburger SV (2018-04-14)
1295,2018-04-14 13:30:00,2457,2517002,"Hertha BSC - K\u00f6ln, 2 - 1","['2457', '2463']",Germany,Hertha BSC - K\u00f6ln (2018-04-14)
1296,2018-04-14 13:30:00,0,2517008,"Stuttgart - Hannover 96, 1 - 1","['2445', '2455']",Germany,Stuttgart - Hannover 96 (2018-04-14)
1297,2018-04-07 13:30:00,2454,2516995,"Borussia M'gladbach - Hertha BSC, 2 - 1","['2454', '2457']",Germany,Borussia M'gladbach - Hertha BSC (2018-04-07)
1298,2018-04-06 18:30:00,2455,2516999,"Hannover 96 - Werder Bremen, 2 - 1","['2443', '2455']",Germany,Hannover 96 - Werder Bremen (2018-04-06)
1299,2018-04-01 16:00:00,0,2516988,"Mainz 05 - Borussia M'gladbach, 0 - 0","['2454', '2460']",Germany,Mainz 05 - Borussia M'gladbach (2018-04-01)
1300,2018-03-31 13:30:00,0,2516987,"Bayer Leverkusen - Augsburg, 0 - 0","['2446', '2481']",Germany,Bayer Leverkusen - Augsburg (2018-03-31)
1301,2018-05-12 13:30:00,2453,2517039,"Freiburg - Augsburg, 2 - 0","['2453', '2481']",Germany,Freiburg - Augsburg (2018-05-12)
1302,2018-05-12 13:30:00,2446,2517041,"Bayer Leverkusen - Hannover 96, 3 - 2","['2446', '2455']",Germany,Bayer Leverkusen - Hannover 96 (2018-05-12)
1303,2018-05-12 13:30:00,2450,2517042,"Hamburger SV - Borussia M'gladbach, 2 - 1","['2450', '2454']",Germany,Hamburger SV - Borussia M'gladbach (2018-05-12)
1304,2018-05-12 13:30:00,2451,2517044,"Wolfsburg - K\u00f6ln, 4 - 1","['2451', '2463']",Germany,Wolfsburg - K\u00f6ln (2018-05-12)
1305,2018-05-05 13:30:00,2975,2517028,"RB Leipzig - Wolfsburg, 4 - 1","['2451', '2975']",Germany,RB Leipzig - Wolfsburg (2018-05-05)
1306,2018-05-05 13:30:00,0,2517030,"Werder Bremen - Bayer Leverkusen, 0 - 0","['2443', '2446']",Germany,Werder Bremen - Bayer Leverkusen (2018-05-05)
1307,2018-04-29 16:00:00,0,2517022,"Werder Bremen - Borussia Dortmund, 1 - 1","['2443', '2447']",Germany,Werder Bremen - Borussia Dortmund (2018-04-29)
1308,2018-04-28 13:30:00,0,2517023,"Schalke 04 - Borussia M'gladbach, 1 - 1","['2449', '2454']",Germany,Schalke 04 - Borussia M'gladbach (2018-04-28)
1309,2018-04-22 13:30:00,2481,2517014,"Augsburg - Mainz 05, 2 - 0","['2460', '2481']",Germany,Augsburg - Mainz 05 (2018-04-22)
1310,2018-04-21 13:30:00,2445,2517017,"Stuttgart - Werder Bremen, 2 - 0","['2443', '2445']",Germany,Stuttgart - Werder Bremen (2018-04-21)
1311,2018-04-15 13:30:00,2449,2517004,"Schalke 04 - Borussia Dortmund, 2 - 0","['2447', '2449']",Germany,Schalke 04 - Borussia Dortmund (2018-04-15)
1312,2018-04-07 13:30:00,0,2516993,"K\u00f6ln - Mainz 05, 1 - 1","['2460', '2463']",Germany,K\u00f6ln - Mainz 05 (2018-04-07)
1313,2018-04-07 13:30:00,2451,2516994,"Freiburg - Wolfsburg, 0 - 2","['2451', '2453']",Germany,Freiburg - Wolfsburg (2018-04-07)
1314,2018-04-01 13:30:00,2443,2516985,"Werder Bremen - Eintracht Frankfurt, 2 - 1","['2443', '2462']",Germany,Werder Bremen - Eintracht Frankfurt (2018-04-01)
1315,2018-03-31 16:30:00,2444,2516982,"Bayern M\u00fcnchen - Borussia Dortmund, 6 - 0","['2444', '2447']",Germany,Bayern M\u00fcnchen - Borussia Dortmund (2018-03-31)
1316,2018-03-18 14:30:00,2463,2516975,"K\u00f6ln - Bayer Leverkusen, 2 - 0","['2446', '2463']",Germany,K\u00f6ln - Bayer Leverkusen (2018-03-18)
1317,2018-03-18 12:30:00,2447,2516973,"Borussia Dortmund - Hannover 96, 1 - 0","['2447', '2455']",Germany,Borussia Dortmund - Hannover 96 (2018-03-18)
1318,2018-03-17 14:30:00,0,2516977,"Borussia M'gladbach - Hoffenheim, 3 - 3","['2454', '2482']",Germany,Borussia M'gladbach - Hoffenheim (2018-03-17)
1319,2018-03-03 17:30:00,0,2516955,"RB Leipzig - Borussia Dortmund, 1 - 1","['2447', '2975']",Germany,RB Leipzig - Borussia Dortmund (2018-03-03)
1320,2018-02-26 19:30:00,0,2516947,"Borussia Dortmund - Augsburg, 1 - 1","['2447', '2481']",Germany,Borussia Dortmund - Augsburg (2018-02-26)
1321,2018-02-24 14:30:00,0,2516949,"Hoffenheim - Freiburg, 1 - 1","['2453', '2482']",Germany,Hoffenheim - Freiburg (2018-02-24)
1322,2018-02-18 14:30:00,2445,2516943,"Augsburg - Stuttgart, 0 - 1","['2445', '2481']",Germany,Augsburg - Stuttgart (2018-02-18)
1323,2018-02-17 14:30:00,2444,2516945,"Wolfsburg - Bayern M\u00fcnchen, 1 - 2","['2444', '2451']",Germany,Wolfsburg - Bayern M\u00fcnchen (2018-02-17)
1324,2018-02-16 19:30:00,2460,2516938,"Hertha BSC - Mainz 05, 0 - 2","['2457', '2460']",Germany,Hertha BSC - Mainz 05 (2018-02-16)
1325,2018-02-11 17:00:00,2443,2516932,"Werder Bremen - Wolfsburg, 3 - 1","['2443', '2451']",Germany,Werder Bremen - Wolfsburg (2018-02-11)
1326,2018-02-10 14:30:00,2447,2516929,"Borussia Dortmund - Hamburger SV, 2 - 0","['2447', '2450']",Germany,Borussia Dortmund - Hamburger SV (2018-02-10)
1327,2018-02-10 14:30:00,2482,2516931,"Hoffenheim - Mainz 05, 4 - 2","['2460', '2482']",Germany,Hoffenheim - Mainz 05 (2018-02-10)
1328,2018-02-10 14:30:00,2455,2516935,"Hannover 96 - Freiburg, 2 - 1","['2453', '2455']",Germany,Hannover 96 - Freiburg (2018-02-10)
1329,2018-02-09 19:30:00,2975,2516930,"RB Leipzig - Augsburg, 2 - 0","['2481', '2975']",Germany,RB Leipzig - Augsburg (2018-02-09)
1330,2018-02-03 17:30:00,2975,2516922,"Borussia M'gladbach - RB Leipzig, 0 - 1","['2454', '2975']",Germany,Borussia M'gladbach - RB Leipzig (2018-02-03)
1331,2018-01-27 14:30:00,2444,2516910,"Bayern M\u00fcnchen - Hoffenheim, 5 - 2","['2444', '2482']",Germany,Bayern M\u00fcnchen - Hoffenheim (2018-01-27)
1332,2018-01-27 14:30:00,0,2516911,"Borussia Dortmund - Freiburg, 2 - 2","['2447', '2453']",Germany,Borussia Dortmund - Freiburg (2018-01-27)
1333,2018-01-27 14:30:00,2449,2516918,"Stuttgart - Schalke 04, 0 - 2","['2445', '2449']",Germany,Stuttgart - Schalke 04 (2018-01-27)
1334,2018-01-20 14:30:00,2460,2516908,"Mainz 05 - Stuttgart, 3 - 2","['2445', '2460']",Germany,Mainz 05 - Stuttgart (2018-01-20)
1335,2018-01-13 14:30:00,0,2516896,"Eintracht Frankfurt - Freiburg, 1 - 1","['2453', '2462']",Germany,Eintracht Frankfurt - Freiburg (2018-01-13)
1336,2018-01-13 14:30:00,2481,2516898,"Augsburg - Hamburger SV, 1 - 0","['2450', '2481']",Germany,Augsburg - Hamburger SV (2018-01-13)
1337,2017-12-16 14:30:00,2463,2516885,"K\u00f6ln - Wolfsburg, 1 - 0","['2451', '2463']",Germany,K\u00f6ln - Wolfsburg (2017-12-16)
1338,2017-12-15 19:30:00,2454,2516887,"Borussia M'gladbach - Hamburger SV, 3 - 1","['2450', '2454']",Germany,Borussia M'gladbach - Hamburger SV (2017-12-15)
1339,2017-12-13 19:30:00,2449,2516878,"Schalke 04 - Augsburg, 3 - 2","['2449', '2481']",Germany,Schalke 04 - Augsburg (2017-12-13)
1340,2017-12-13 17:30:00,2482,2516875,"Hoffenheim - Stuttgart, 1 - 0","['2445', '2482']",Germany,Hoffenheim - Stuttgart (2017-12-13)
1341,2017-12-12 19:30:00,2462,2516880,"Hamburger SV - Eintracht Frankfurt, 1 - 2","['2450', '2462']",Germany,Hamburger SV - Eintracht Frankfurt (2017-12-12)
1342,2017-12-12 17:30:00,0,2516882,"Wolfsburg - RB Leipzig, 1 - 1","['2451', '2975']",Germany,Wolfsburg - RB Leipzig (2017-12-12)
1343,2017-12-09 14:30:00,2444,2516869,"Eintracht Frankfurt - Bayern M\u00fcnchen, 0 - 1","['2444', '2462']",Germany,Eintracht Frankfurt - Bayern M\u00fcnchen (2017-12-09)
1344,2017-12-08 19:30:00,2446,2516873,"Stuttgart - Bayer Leverkusen, 0 - 2","['2445', '2446']",Germany,Stuttgart - Bayer Leverkusen (2017-12-08)
1345,2018-03-17 14:30:00,2462,2516978,"Eintracht Frankfurt - Mainz 05, 3 - 0","['2460', '2462']",Germany,Eintracht Frankfurt - Mainz 05 (2018-03-17)
1346,2018-03-12 19:30:00,2443,2516968,"Werder Bremen - K\u00f6ln, 3 - 1","['2443', '2463']",Germany,Werder Bremen - K\u00f6ln (2018-03-12)
1347,2018-03-10 17:30:00,2446,2516969,"Bayer Leverkusen - Borussia M'gladbach, 2 - 0","['2446', '2454']",Germany,Bayer Leverkusen - Borussia M'gladbach (2018-03-10)
1348,2018-03-10 14:30:00,2444,2516964,"Bayern M\u00fcnchen - Hamburger SV, 6 - 0","['2444', '2450']",Germany,Bayern M\u00fcnchen - Hamburger SV (2018-03-10)
1349,2018-03-04 14:30:00,2445,2516956,"K\u00f6ln - Stuttgart, 2 - 3","['2445', '2463']",Germany,K\u00f6ln - Stuttgart (2018-03-04)
1350,2018-03-03 14:30:00,2449,2516959,"Schalke 04 - Hertha BSC, 1 - 0","['2449', '2457']",Germany,Schalke 04 - Hertha BSC (2018-03-03)
1351,2018-02-24 17:30:00,2443,2516950,"Werder Bremen - Hamburger SV, 1 - 0","['2443', '2450']",Germany,Werder Bremen - Hamburger SV (2018-02-24)
1352,2018-02-24 14:30:00,2445,2516954,"Stuttgart - Eintracht Frankfurt, 1 - 0","['2445', '2462']",Germany,Stuttgart - Eintracht Frankfurt (2018-02-24)
1353,2018-02-23 19:30:00,0,2516952,"Mainz 05 - Wolfsburg, 1 - 1","['2451', '2460']",Germany,Mainz 05 - Wolfsburg (2018-02-23)
1354,2018-02-19 19:30:00,2462,2516942,"Eintracht Frankfurt - RB Leipzig, 2 - 1","['2462', '2975']",Germany,Eintracht Frankfurt - RB Leipzig (2018-02-19)
1355,2018-02-17 14:30:00,0,2516937,"K\u00f6ln - Hannover 96, 1 - 1","['2455', '2463']",Germany,K\u00f6ln - Hannover 96 (2018-02-17)
1356,2018-02-17 14:30:00,2453,2516939,"Freiburg - Werder Bremen, 1 - 0","['2443', '2453']",Germany,Freiburg - Werder Bremen (2018-02-17)
1357,2018-02-10 17:30:00,2444,2516928,"Bayern M\u00fcnchen - Schalke 04, 2 - 1","['2444', '2449']",Germany,Bayern M\u00fcnchen - Schalke 04 (2018-02-10)
1358,2018-02-10 14:30:00,2462,2516933,"Eintracht Frankfurt - K\u00f6ln, 4 - 2","['2462', '2463']",Germany,Eintracht Frankfurt - K\u00f6ln (2018-02-10)
1359,2018-02-04 14:30:00,2481,2516924,"Augsburg - Eintracht Frankfurt, 3 - 0","['2462', '2481']",Germany,Augsburg - Eintracht Frankfurt (2018-02-04)
1360,2018-02-03 14:30:00,0,2516920,"Hertha BSC - Hoffenheim, 1 - 1","['2457', '2482']",Germany,Hertha BSC - Hoffenheim (2018-02-03)
1361,2018-02-03 14:30:00,2444,2516926,"Mainz 05 - Bayern M\u00fcnchen, 0 - 2","['2444', '2460']",Germany,Mainz 05 - Bayern M\u00fcnchen (2018-02-03)
1362,2018-02-03 14:30:00,0,2516927,"Wolfsburg - Stuttgart, 1 - 1","['2445', '2451']",Germany,Wolfsburg - Stuttgart (2018-02-03)
1363,2018-02-02 19:30:00,2447,2516919,"K\u00f6ln - Borussia Dortmund, 2 - 3","['2447', '2463']",Germany,K\u00f6ln - Borussia Dortmund (2018-02-02)
1364,2018-01-27 17:30:00,0,2516914,"Werder Bremen - Hertha BSC, 0 - 0","['2443', '2457']",Germany,Werder Bremen - Hertha BSC (2018-01-27)
1365,2018-01-27 14:30:00,0,2516913,"K\u00f6ln - Augsburg, 1 - 1","['2463', '2481']",Germany,K\u00f6ln - Augsburg (2018-01-27)
1366,2018-01-21 17:00:00,0,2516906,"Schalke 04 - Hannover 96, 1 - 1","['2449', '2455']",Germany,Schalke 04 - Hannover 96 (2018-01-21)
1367,2018-01-20 14:30:00,2446,2516902,"Hoffenheim - Bayer Leverkusen, 1 - 4","['2446', '2482']",Germany,Hoffenheim - Bayer Leverkusen (2018-01-20)
1368,2018-01-14 14:30:00,2463,2516894,"K\u00f6ln - Borussia M'gladbach, 2 - 1","['2454', '2463']",Germany,K\u00f6ln - Borussia M'gladbach (2018-01-14)
1369,2018-01-13 14:30:00,2455,2516899,"Hannover 96 - Mainz 05, 3 - 2","['2455', '2460']",Germany,Hannover 96 - Mainz 05 (2018-01-13)
1370,2018-01-13 14:30:00,2445,2516900,"Stuttgart - Hertha BSC, 1 - 0","['2445', '2457']",Germany,Stuttgart - Hertha BSC (2018-01-13)
1371,2017-12-16 14:30:00,0,2516886,"Werder Bremen - Mainz 05, 2 - 2","['2443', '2460']",Germany,Werder Bremen - Mainz 05 (2017-12-16)
1372,2017-12-13 19:30:00,2457,2516876,"Hertha BSC - Hannover 96, 3 - 1","['2455', '2457']",Germany,Hertha BSC - Hannover 96 (2017-12-13)
1373,2017-12-12 19:30:00,2447,2516881,"Mainz 05 - Borussia Dortmund, 0 - 2","['2447', '2460']",Germany,Mainz 05 - Borussia Dortmund (2017-12-12)
1374,2017-12-12 19:30:00,2453,2516877,"Freiburg - Borussia M'gladbach, 1 - 0","['2453', '2454']",Germany,Freiburg - Borussia M'gladbach (2017-12-12)
1375,2017-12-10 12:30:00,2453,2516867,"K\u00f6ln - Freiburg, 3 - 4","['2453', '2463']",Germany,K\u00f6ln - Freiburg (2017-12-10)
1376,2017-12-09 17:30:00,0,2516868,"Borussia M'gladbach - Schalke 04, 1 - 1","['2449', '2454']",Germany,Borussia M'gladbach - Schalke 04 (2017-12-09)
1377,2017-12-09 14:30:00,2443,2516865,"Borussia Dortmund - Werder Bremen, 1 - 2","['2443', '2447']",Germany,Borussia Dortmund - Werder Bremen (2017-12-09)
1378,2017-12-09 14:30:00,0,2516866,"RB Leipzig - Mainz 05, 2 - 2","['2460', '2975']",Germany,RB Leipzig - Mainz 05 (2017-12-09)
1379,2017-12-09 14:30:00,0,2516871,"Hamburger SV - Wolfsburg, 0 - 0","['2450', '2451']",Germany,Hamburger SV - Wolfsburg (2017-12-09)
1380,2017-12-03 14:30:00,2462,2516858,"Hertha BSC - Eintracht Frankfurt, 1 - 2","['2457', '2462']",Germany,Hertha BSC - Eintracht Frankfurt (2017-12-03)
1381,2017-12-02 17:30:00,0,2516861,"Schalke 04 - K\u00f6ln, 2 - 2","['2449', '2463']",Germany,Schalke 04 - K\u00f6ln (2017-12-02)
1382,2018-03-31 13:30:00,2975,2516989,"Hannover 96 - RB Leipzig, 2 - 3","['2455', '2975']",Germany,Hannover 96 - RB Leipzig (2018-03-31)
1383,2018-03-17 14:30:00,2457,2516980,"Hamburger SV - Hertha BSC, 1 - 2","['2450', '2457']",Germany,Hamburger SV - Hertha BSC (2018-03-17)
1384,2018-03-11 17:00:00,2447,2516965,"Borussia Dortmund - Eintracht Frankfurt, 3 - 2","['2447', '2462']",Germany,Borussia Dortmund - Eintracht Frankfurt (2018-03-11)
1385,2018-03-10 14:30:00,2481,2516971,"Hannover 96 - Augsburg, 1 - 3","['2455', '2481']",Germany,Hannover 96 - Augsburg (2018-03-10)
1386,2018-03-09 19:30:00,2449,2516970,"Mainz 05 - Schalke 04, 0 - 1","['2449', '2460']",Germany,Mainz 05 - Schalke 04 (2018-03-09)
1387,2018-03-04 17:00:00,2444,2516957,"Freiburg - Bayern M\u00fcnchen, 0 - 4","['2444', '2453']",Germany,Freiburg - Bayern M\u00fcnchen (2018-03-04)
1388,2018-03-03 14:30:00,2482,2516961,"Augsburg - Hoffenheim, 0 - 2","['2481', '2482']",Germany,Augsburg - Hoffenheim (2018-03-03)
1389,2018-02-17 17:30:00,0,2516941,"Schalke 04 - Hoffenheim, 2 - 1","['2449', '2482']",Germany,Schalke 04 - Hoffenheim (2018-02-17)
1390,2018-01-20 17:30:00,2463,2516907,"Hamburger SV - K\u00f6ln, 0 - 2","['2450', '2463']",Germany,Hamburger SV - K\u00f6ln (2018-01-20)
1391,2018-01-14 17:00:00,0,2516892,"Borussia Dortmund - Wolfsburg, 0 - 0","['2447', '2451']",Germany,Borussia Dortmund - Wolfsburg (2018-01-14)
1392,2018-01-13 17:30:00,2975,2516893,"RB Leipzig - Schalke 04, 3 - 1","['2449', '2975']",Germany,RB Leipzig - Schalke 04 (2018-01-13)
1393,2018-01-13 14:30:00,0,2516895,"Werder Bremen - Hoffenheim, 1 - 1","['2443', '2482']",Germany,Werder Bremen - Hoffenheim (2018-01-13)
1394,2018-01-12 19:30:00,2444,2516897,"Bayer Leverkusen - Bayern M\u00fcnchen, 1 - 3","['2444', '2446']",Germany,Bayer Leverkusen - Bayern M\u00fcnchen (2018-01-12)
1395,2017-12-17 17:00:00,2457,2516884,"RB Leipzig - Hertha BSC, 2 - 3","['2457', '2975']",Germany,RB Leipzig - Hertha BSC (2017-12-17)
1396,2017-12-16 14:30:00,0,2516888,"Eintracht Frankfurt - Schalke 04, 2 - 2","['2449', '2462']",Germany,Eintracht Frankfurt - Schalke 04 (2017-12-16)
1397,2017-12-16 14:30:00,2444,2516891,"Stuttgart - Bayern M\u00fcnchen, 0 - 1","['2444', '2445']",Germany,Stuttgart - Bayern M\u00fcnchen (2017-12-16)
1398,2017-12-13 19:30:00,2444,2516874,"Bayern M\u00fcnchen - K\u00f6ln, 1 - 0","['2444', '2463']",Germany,Bayern M\u00fcnchen - K\u00f6ln (2017-12-13)
1399,2017-12-10 17:00:00,0,2516870,"Augsburg - Hertha BSC, 1 - 1","['2457', '2481']",Germany,Augsburg - Hertha BSC (2017-12-10)
1400,2017-12-10 14:30:00,2455,2516872,"Hannover 96 - Hoffenheim, 2 - 0","['2455', '2482']",Germany,Hannover 96 - Hoffenheim (2017-12-10)
1401,2017-12-03 17:00:00,2451,2516864,"Wolfsburg - Borussia M'gladbach, 3 - 0","['2451', '2454']",Germany,Wolfsburg - Borussia M'gladbach (2017-12-03)
1402,2018-03-31 13:30:00,0,2516990,"Stuttgart - Hamburger SV, 1 - 1","['2445', '2450']",Germany,Stuttgart - Hamburger SV (2018-03-31)
1403,2018-03-18 17:00:00,2975,2516974,"RB Leipzig - Bayern M\u00fcnchen, 2 - 1","['2444', '2975']",Germany,RB Leipzig - Bayern M\u00fcnchen (2018-03-18)
1404,2018-03-17 17:30:00,2449,2516981,"Wolfsburg - Schalke 04, 0 - 1","['2449', '2451']",Germany,Wolfsburg - Schalke 04 (2018-03-17)
1405,2018-03-17 14:30:00,2443,2516979,"Augsburg - Werder Bremen, 1 - 3","['2443', '2481']",Germany,Augsburg - Werder Bremen (2018-03-17)
1406,2018-03-16 19:30:00,2445,2516976,"Freiburg - Stuttgart, 1 - 2","['2445', '2453']",Germany,Freiburg - Stuttgart (2018-03-16)
1407,2018-03-11 14:30:00,0,2516972,"Stuttgart - RB Leipzig, 0 - 0","['2445', '2975']",Germany,Stuttgart - RB Leipzig (2018-03-11)
1408,2018-03-10 14:30:00,2482,2516966,"Hoffenheim - Wolfsburg, 3 - 0","['2451', '2482']",Germany,Hoffenheim - Wolfsburg (2018-03-10)
1409,2018-03-10 14:30:00,0,2516967,"Hertha BSC - Freiburg, 0 - 0","['2453', '2457']",Germany,Hertha BSC - Freiburg (2018-03-10)
1410,2018-03-03 14:30:00,2462,2516960,"Eintracht Frankfurt - Hannover 96, 1 - 0","['2455', '2462']",Germany,Eintracht Frankfurt - Hannover 96 (2018-03-03)
1411,2018-03-03 14:30:00,0,2516962,"Hamburger SV - Mainz 05, 0 - 0","['2450', '2460']",Germany,Hamburger SV - Mainz 05 (2018-03-03)
1412,2018-03-03 14:30:00,2446,2516963,"Wolfsburg - Bayer Leverkusen, 1 - 2","['2446', '2451']",Germany,Wolfsburg - Bayer Leverkusen (2018-03-03)
1413,2018-03-02 19:30:00,0,2516958,"Borussia M'gladbach - Werder Bremen, 2 - 2","['2443', '2454']",Germany,Borussia M'gladbach - Werder Bremen (2018-03-02)
1414,2018-02-25 17:00:00,2463,2516948,"RB Leipzig - K\u00f6ln, 1 - 2","['2463', '2975']",Germany,RB Leipzig - K\u00f6ln (2018-02-25)
1415,2018-02-25 14:30:00,2449,2516951,"Bayer Leverkusen - Schalke 04, 0 - 2","['2446', '2449']",Germany,Bayer Leverkusen - Schalke 04 (2018-02-25)
1416,2018-02-24 14:30:00,0,2516946,"Bayern M\u00fcnchen - Hertha BSC, 0 - 0","['2444', '2457']",Germany,Bayern M\u00fcnchen - Hertha BSC (2018-02-24)
1417,2018-02-24 14:30:00,2454,2516953,"Hannover 96 - Borussia M'gladbach, 0 - 1","['2454', '2455']",Germany,Hannover 96 - Borussia M'gladbach (2018-02-24)
1418,2018-02-18 17:00:00,2447,2516940,"Borussia M'gladbach - Borussia Dortmund, 0 - 1","['2447', '2454']",Germany,Borussia M'gladbach - Borussia Dortmund (2018-02-18)
1419,2018-02-17 14:30:00,2446,2516944,"Hamburger SV - Bayer Leverkusen, 1 - 2","['2446', '2450']",Germany,Hamburger SV - Bayer Leverkusen (2018-02-17)
1420,2018-02-11 14:30:00,2445,2516936,"Stuttgart - Borussia M'gladbach, 1 - 0","['2445', '2454']",Germany,Stuttgart - Borussia M'gladbach (2018-02-11)
1421,2018-02-10 14:30:00,2457,2516934,"Bayer Leverkusen - Hertha BSC, 0 - 2","['2446', '2457']",Germany,Bayer Leverkusen - Hertha BSC (2018-02-10)
1422,2018-02-04 17:00:00,0,2516925,"Hamburger SV - Hannover 96, 1 - 1","['2450', '2455']",Germany,Hamburger SV - Hannover 96 (2018-02-04)
1423,2018-02-03 14:30:00,0,2516921,"Freiburg - Bayer Leverkusen, 0 - 0","['2446', '2453']",Germany,Freiburg - Bayer Leverkusen (2018-02-03)
1424,2018-02-03 14:30:00,2443,2516923,"Schalke 04 - Werder Bremen, 1 - 2","['2443', '2449']",Germany,Schalke 04 - Werder Bremen (2018-02-03)
1425,2018-01-28 17:00:00,2451,2516917,"Hannover 96 - Wolfsburg, 0 - 1","['2451', '2455']",Germany,Hannover 96 - Wolfsburg (2018-01-28)
1426,2018-01-28 14:30:00,2446,2516916,"Bayer Leverkusen - Mainz 05, 2 - 0","['2446', '2460']",Germany,Bayer Leverkusen - Mainz 05 (2018-01-28)
1427,2018-01-27 14:30:00,0,2516912,"RB Leipzig - Hamburger SV, 1 - 1","['2450', '2975']",Germany,RB Leipzig - Hamburger SV (2018-01-27)
1428,2018-01-26 19:30:00,2462,2516915,"Eintracht Frankfurt - Borussia M'gladbach, 2 - 0","['2454', '2462']",Germany,Eintracht Frankfurt - Borussia M'gladbach (2018-01-26)
1429,2018-01-21 14:30:00,2444,2516901,"Bayern M\u00fcnchen - Werder Bremen, 4 - 2","['2443', '2444']",Germany,Bayern M\u00fcnchen - Werder Bremen (2018-01-21)
1430,2018-01-20 14:30:00,2453,2516904,"Freiburg - RB Leipzig, 2 - 1","['2453', '2975']",Germany,Freiburg - RB Leipzig (2018-01-20)
1431,2018-01-20 14:30:00,2454,2516905,"Borussia M'gladbach - Augsburg, 2 - 0","['2454', '2481']",Germany,Borussia M'gladbach - Augsburg (2018-01-20)
1432,2018-01-20 14:30:00,2462,2516909,"Wolfsburg - Eintracht Frankfurt, 1 - 3","['2451', '2462']",Germany,Wolfsburg - Eintracht Frankfurt (2018-01-20)
1433,2018-01-19 19:30:00,0,2516903,"Hertha BSC - Borussia Dortmund, 1 - 1","['2447', '2457']",Germany,Hertha BSC - Borussia Dortmund (2018-01-19)
1434,2017-12-17 14:30:00,0,2516890,"Hannover 96 - Bayer Leverkusen, 4 - 4","['2446', '2455']",Germany,Hannover 96 - Bayer Leverkusen (2017-12-17)
1435,2017-12-16 17:30:00,2447,2516883,"Borussia Dortmund - Hoffenheim, 2 - 1","['2447', '2482']",Germany,Borussia Dortmund - Hoffenheim (2017-12-16)
1436,2017-12-16 14:30:00,0,2516889,"Augsburg - Freiburg, 3 - 3","['2453', '2481']",Germany,Augsburg - Freiburg (2017-12-16)
1437,2017-12-13 19:30:00,2446,2516879,"Bayer Leverkusen - Werder Bremen, 1 - 0","['2443', '2446']",Germany,Bayer Leverkusen - Werder Bremen (2017-12-13)
1438,2017-12-02 14:30:00,2443,2516860,"Werder Bremen - Stuttgart, 1 - 0","['2443', '2445']",Germany,Werder Bremen - Stuttgart (2017-12-02)
1439,2017-11-19 17:00:00,2443,2516841,"Werder Bremen - Hannover 96, 4 - 0","['2443', '2455']",Germany,Werder Bremen - Hannover 96 (2017-11-19)
1440,2017-11-18 14:30:00,0,2516839,"Hoffenheim - Eintracht Frankfurt, 1 - 1","['2462', '2482']",Germany,Hoffenheim - Eintracht Frankfurt (2017-11-18)
1441,2017-11-18 14:30:00,0,2516843,"Bayer Leverkusen - RB Leipzig, 2 - 2","['2446', '2975']",Germany,Bayer Leverkusen - RB Leipzig (2017-11-18)
1442,2017-11-04 17:30:00,2444,2516829,"Borussia Dortmund - Bayern M\u00fcnchen, 1 - 3","['2444', '2447']",Germany,Borussia Dortmund - Bayern M\u00fcnchen (2017-11-04)
1443,2017-11-03 19:30:00,2462,2516834,"Eintracht Frankfurt - Werder Bremen, 2 - 1","['2443', '2462']",Germany,Eintracht Frankfurt - Werder Bremen (2017-11-03)
1444,2017-10-28 16:30:00,2444,2516820,"Bayern M\u00fcnchen - RB Leipzig, 2 - 0","['2444', '2975']",Germany,Bayern M\u00fcnchen - RB Leipzig (2017-10-28)
1445,2017-10-28 13:30:00,2446,2516825,"Bayer Leverkusen - K\u00f6ln, 2 - 1","['2446', '2463']",Germany,Bayer Leverkusen - K\u00f6ln (2017-10-28)
1446,2017-10-27 18:30:00,0,2516826,"Mainz 05 - Eintracht Frankfurt, 1 - 1","['2460', '2462']",Germany,Mainz 05 - Eintracht Frankfurt (2017-10-27)
1447,2017-10-22 11:30:00,0,2516812,"K\u00f6ln - Werder Bremen, 0 - 0","['2443', '2463']",Germany,K\u00f6ln - Werder Bremen (2017-10-22)
1448,2017-10-21 13:30:00,0,2516816,"Eintracht Frankfurt - Borussia Dortmund, 2 - 2","['2447', '2462']",Germany,Eintracht Frankfurt - Borussia Dortmund (2017-10-21)
1449,2017-10-20 18:30:00,2449,2516815,"Schalke 04 - Mainz 05, 2 - 0","['2449', '2460']",Germany,Schalke 04 - Mainz 05 (2017-10-20)
1450,2017-10-15 16:00:00,2454,2516806,"Werder Bremen - Borussia M'gladbach, 0 - 2","['2443', '2454']",Germany,Werder Bremen - Borussia M'gladbach (2017-10-15)
1451,2017-10-15 13:30:00,0,2516807,"Bayer Leverkusen - Wolfsburg, 2 - 2","['2446', '2451']",Germany,Bayer Leverkusen - Wolfsburg (2017-10-15)
1452,2017-10-14 13:30:00,2449,2516805,"Hertha BSC - Schalke 04, 0 - 2","['2449', '2457']",Germany,Hertha BSC - Schalke 04 (2017-10-14)
1453,2017-10-14 13:30:00,2462,2516809,"Hannover 96 - Eintracht Frankfurt, 1 - 2","['2455', '2462']",Germany,Hannover 96 - Eintracht Frankfurt (2017-10-14)
1454,2017-10-01 13:30:00,0,2516794,"Hertha BSC - Bayern M\u00fcnchen, 2 - 2","['2444', '2457']",Germany,Hertha BSC - Bayern M\u00fcnchen (2017-10-01)
1455,2017-11-25 17:30:00,2454,2516851,"Borussia M'gladbach - Bayern M\u00fcnchen, 2 - 1","['2444', '2454']",Germany,Borussia M'gladbach - Bayern M\u00fcnchen (2017-11-25)
1456,2017-11-25 14:30:00,2446,2516852,"Eintracht Frankfurt - Bayer Leverkusen, 0 - 1","['2446', '2462']",Germany,Eintracht Frankfurt - Bayer Leverkusen (2017-11-25)
1457,2017-11-18 17:30:00,2454,2516840,"Hertha BSC - Borussia M'gladbach, 2 - 4","['2454', '2457']",Germany,Hertha BSC - Borussia M'gladbach (2017-11-18)
1458,2017-11-18 14:30:00,2460,2516844,"Mainz 05 - K\u00f6ln, 1 - 0","['2460', '2463']",Germany,Mainz 05 - K\u00f6ln (2017-11-18)
1459,2017-11-17 19:30:00,2445,2516846,"Stuttgart - Borussia Dortmund, 2 - 1","['2445', '2447']",Germany,Stuttgart - Borussia Dortmund (2017-11-17)
1460,2017-11-05 17:00:00,0,2516837,"Wolfsburg - Hertha BSC, 3 - 3","['2451', '2457']",Germany,Wolfsburg - Hertha BSC (2017-11-05)
1461,2017-11-04 14:30:00,2975,2516830,"RB Leipzig - Hannover 96, 2 - 1","['2455', '2975']",Germany,RB Leipzig - Hannover 96 (2017-11-04)
1462,2017-11-04 14:30:00,2449,2516832,"Freiburg - Schalke 04, 0 - 1","['2449', '2453']",Germany,Freiburg - Schalke 04 (2017-11-04)
1463,2017-10-29 14:30:00,2481,2516823,"Werder Bremen - Augsburg, 0 - 3","['2443', '2481']",Germany,Werder Bremen - Augsburg (2017-10-29)
1464,2017-10-28 13:30:00,0,2516824,"Schalke 04 - Wolfsburg, 1 - 1","['2449', '2451']",Germany,Schalke 04 - Wolfsburg (2017-10-28)
1465,2017-10-21 13:30:00,2446,2516814,"Borussia M'gladbach - Bayer Leverkusen, 1 - 5","['2446', '2454']",Germany,Borussia M'gladbach - Bayer Leverkusen (2017-10-21)
1466,2017-10-21 13:30:00,2455,2516817,"Augsburg - Hannover 96, 1 - 2","['2455', '2481']",Germany,Augsburg - Hannover 96 (2017-10-21)
1467,2017-12-02 14:30:00,2444,2516856,"Bayern M\u00fcnchen - Hannover 96, 3 - 1","['2444', '2455']",Germany,Bayern M\u00fcnchen - Hannover 96 (2017-12-02)
1468,2017-12-02 14:30:00,2482,2516857,"Hoffenheim - RB Leipzig, 4 - 0","['2482', '2975']",Germany,Hoffenheim - RB Leipzig (2017-12-02)
1469,2017-11-26 14:30:00,2450,2516854,"Hamburger SV - Hoffenheim, 3 - 0","['2450', '2482']",Germany,Hamburger SV - Hoffenheim (2017-11-26)
1470,2017-11-25 14:30:00,0,2516847,"Borussia Dortmund - Schalke 04, 4 - 4","['2447', '2449']",Germany,Borussia Dortmund - Schalke 04 (2017-11-25)
1471,2017-11-25 14:30:00,2453,2516850,"Freiburg - Mainz 05, 2 - 1","['2453', '2460']",Germany,Freiburg - Mainz 05 (2017-11-25)
1472,2017-11-25 14:30:00,2481,2516853,"Augsburg - Wolfsburg, 2 - 1","['2451', '2481']",Germany,Augsburg - Wolfsburg (2017-11-25)
1473,2017-11-24 19:30:00,0,2516855,"Hannover 96 - Stuttgart, 1 - 1","['2445', '2455']",Germany,Hannover 96 - Stuttgart (2017-11-24)
1474,2017-11-04 14:30:00,0,2516835,"Augsburg - Bayer Leverkusen, 1 - 1","['2446', '2481']",Germany,Augsburg - Bayer Leverkusen (2017-11-04)
1475,2017-11-04 14:30:00,2450,2516836,"Hamburger SV - Stuttgart, 3 - 1","['2445', '2450']",Germany,Hamburger SV - Stuttgart (2017-11-04)
1476,2017-10-28 13:30:00,2454,2516821,"Hoffenheim - Borussia M'gladbach, 1 - 3","['2454', '2482']",Germany,Hoffenheim - Borussia M'gladbach (2017-10-28)
1477,2017-10-28 13:30:00,2457,2516822,"Hertha BSC - Hamburger SV, 2 - 1","['2450', '2457']",Germany,Hertha BSC - Hamburger SV (2017-10-28)
1478,2017-10-22 13:30:00,0,2516813,"Freiburg - Hertha BSC, 1 - 1","['2453', '2457']",Germany,Freiburg - Hertha BSC (2017-10-22)
1479,2017-10-21 13:30:00,2975,2516811,"RB Leipzig - Stuttgart, 1 - 0","['2445', '2975']",Germany,RB Leipzig - Stuttgart (2017-10-21)
1480,2017-10-14 16:30:00,2975,2516803,"Borussia Dortmund - RB Leipzig, 2 - 3","['2447', '2975']",Germany,Borussia Dortmund - RB Leipzig (2017-10-14)
1481,2017-10-14 13:30:00,2444,2516802,"Bayern M\u00fcnchen - Freiburg, 5 - 0","['2444', '2453']",Germany,Bayern M\u00fcnchen - Freiburg (2017-10-14)
1482,2017-10-14 13:30:00,0,2516804,"Hoffenheim - Augsburg, 2 - 2","['2481', '2482']",Germany,Hoffenheim - Augsburg (2017-10-14)
1483,2017-10-14 13:30:00,2460,2516808,"Mainz 05 - Hamburger SV, 3 - 2","['2450', '2460']",Germany,Mainz 05 - Hamburger SV (2017-10-14)
1484,2017-10-13 18:30:00,2445,2516810,"Stuttgart - K\u00f6ln, 2 - 1","['2445', '2463']",Germany,Stuttgart - K\u00f6ln (2017-10-13)
1485,2017-10-01 16:00:00,2975,2516793,"K\u00f6ln - RB Leipzig, 1 - 2","['2463', '2975']",Germany,K\u00f6ln - RB Leipzig (2017-10-01)
1486,2017-12-02 14:30:00,0,2516862,"Bayer Leverkusen - Borussia Dortmund, 1 - 1","['2446', '2447']",Germany,Bayer Leverkusen - Borussia Dortmund (2017-12-02)
1487,2017-12-02 14:30:00,2481,2516863,"Mainz 05 - Augsburg, 1 - 3","['2460', '2481']",Germany,Mainz 05 - Augsburg (2017-12-02)
1488,2017-12-01 19:30:00,0,2516859,"Freiburg - Hamburger SV, 0 - 0","['2450', '2453']",Germany,Freiburg - Hamburger SV (2017-12-01)
1489,2017-11-26 17:00:00,2457,2516849,"K\u00f6ln - Hertha BSC, 0 - 2","['2457', '2463']",Germany,K\u00f6ln - Hertha BSC (2017-11-26)
1490,2017-11-25 14:30:00,2975,2516848,"RB Leipzig - Werder Bremen, 2 - 0","['2443', '2975']",Germany,RB Leipzig - Werder Bremen (2017-11-25)
1491,2017-11-19 14:30:00,2449,2516842,"Schalke 04 - Hamburger SV, 2 - 0","['2449', '2450']",Germany,Schalke 04 - Hamburger SV (2017-11-19)
1492,2017-11-18 14:30:00,2444,2516838,"Bayern M\u00fcnchen - Augsburg, 3 - 0","['2444', '2481']",Germany,Bayern M\u00fcnchen - Augsburg (2017-11-18)
1493,2017-11-18 14:30:00,2451,2516845,"Wolfsburg - Freiburg, 3 - 1","['2451', '2453']",Germany,Wolfsburg - Freiburg (2017-11-18)
1494,2017-11-05 14:30:00,2482,2516831,"K\u00f6ln - Hoffenheim, 0 - 3","['2463', '2482']",Germany,K\u00f6ln - Hoffenheim (2017-11-05)
1495,2017-11-04 14:30:00,0,2516833,"Borussia M'gladbach - Mainz 05, 1 - 1","['2454', '2460']",Germany,Borussia M'gladbach - Mainz 05 (2017-11-04)
1496,2017-10-29 17:00:00,2445,2516828,"Stuttgart - Freiburg, 3 - 0","['2445', '2453']",Germany,Stuttgart - Freiburg (2017-10-29)
1497,2017-10-28 13:30:00,2455,2516827,"Hannover 96 - Borussia Dortmund, 4 - 2","['2447', '2455']",Germany,Hannover 96 - Borussia Dortmund (2017-10-28)
1498,2017-10-22 16:00:00,0,2516819,"Wolfsburg - Hoffenheim, 1 - 1","['2451', '2482']",Germany,Wolfsburg - Hoffenheim (2017-10-22)
1499,2017-10-21 16:30:00,2444,2516818,"Hamburger SV - Bayern M\u00fcnchen, 0 - 1","['2444', '2450']",Germany,Hamburger SV - Bayern M\u00fcnchen (2017-10-21)
1500,2017-09-30 16:30:00,0,2516800,"Hamburger SV - Werder Bremen, 0 - 0","['2443', '2450']",Germany,Hamburger SV - Werder Bremen (2017-09-30)
1501,2017-09-30 13:30:00,2462,2516798,"Eintracht Frankfurt - Stuttgart, 2 - 1","['2445', '2462']",Germany,Eintracht Frankfurt - Stuttgart (2017-09-30)
1502,2017-09-30 13:30:00,2447,2516799,"Augsburg - Borussia Dortmund, 1 - 2","['2447', '2481']",Germany,Augsburg - Borussia Dortmund (2017-09-30)
1503,2017-09-20 18:30:00,2457,2516776,"Hertha BSC - Bayer Leverkusen, 2 - 1","['2446', '2457']",Germany,Hertha BSC - Bayer Leverkusen (2017-09-20)
1504,2017-09-20 18:30:00,2447,2516781,"Hamburger SV - Borussia Dortmund, 0 - 3","['2447', '2450']",Germany,Hamburger SV - Borussia Dortmund (2017-09-20)
1505,2017-09-17 11:30:00,0,2516769,"Hoffenheim - Hertha BSC, 1 - 1","['2457', '2482']",Germany,Hoffenheim - Hertha BSC (2017-09-17)
1506,2017-09-16 13:30:00,2445,2516774,"Stuttgart - Wolfsburg, 1 - 0","['2445', '2451']",Germany,Stuttgart - Wolfsburg (2017-09-16)
1507,2017-09-09 13:30:00,2460,2516764,"Mainz 05 - Bayer Leverkusen, 3 - 1","['2446', '2460']",Germany,Mainz 05 - Bayer Leverkusen (2017-09-09)
1508,2017-08-27 13:30:00,2975,2516749,"RB Leipzig - Freiburg, 4 - 1","['2453', '2975']",Germany,RB Leipzig - Freiburg (2017-08-27)
1509,2017-08-25 18:30:00,2450,2516750,"K\u00f6ln - Hamburger SV, 1 - 3","['2450', '2463']",Germany,K\u00f6ln - Hamburger SV (2017-08-25)
1510,2017-08-19 13:30:00,2455,2516746,"Mainz 05 - Hannover 96, 0 - 1","['2455', '2460']",Germany,Mainz 05 - Hannover 96 (2017-08-19)
1511,2017-09-30 13:30:00,2454,2516796,"Borussia M'gladbach - Hannover 96, 2 - 1","['2454', '2455']",Germany,Borussia M'gladbach - Hannover 96 (2017-09-30)
1512,2017-09-30 13:30:00,0,2516801,"Wolfsburg - Mainz 05, 1 - 1","['2451', '2460']",Germany,Wolfsburg - Mainz 05 (2017-09-30)
1513,2017-09-23 13:30:00,0,2516788,"Werder Bremen - Freiburg, 0 - 0","['2443', '2453']",Germany,Werder Bremen - Freiburg (2017-09-23)
1514,2017-09-19 18:30:00,2444,2516779,"Schalke 04 - Bayern M\u00fcnchen, 0 - 3","['2444', '2449']",Germany,Schalke 04 - Bayern M\u00fcnchen (2017-09-19)
1515,2017-09-19 18:30:00,2481,2516780,"Augsburg - RB Leipzig, 1 - 0","['2481', '2975']",Germany,Augsburg - RB Leipzig (2017-09-19)
1516,2017-09-19 16:30:00,2454,2516778,"Borussia M'gladbach - Stuttgart, 2 - 0","['2445', '2454']",Germany,Borussia M'gladbach - Stuttgart (2017-09-19)
1517,2017-09-16 16:30:00,0,2516768,"RB Leipzig - Borussia M'gladbach, 2 - 2","['2454', '2975']",Germany,RB Leipzig - Borussia M'gladbach (2017-09-16)
1518,2017-09-16 13:30:00,2444,2516766,"Bayern M\u00fcnchen - Mainz 05, 4 - 0","['2444', '2460']",Germany,Bayern M\u00fcnchen - Mainz 05 (2017-09-16)
1519,2017-09-16 13:30:00,2481,2516771,"Eintracht Frankfurt - Augsburg, 1 - 2","['2462', '2481']",Germany,Eintracht Frankfurt - Augsburg (2017-09-16)
1520,2017-09-15 18:30:00,2455,2516773,"Hannover 96 - Hamburger SV, 2 - 0","['2450', '2455']",Germany,Hannover 96 - Hamburger SV (2017-09-15)
1521,2017-09-10 16:00:00,2449,2516761,"Schalke 04 - Stuttgart, 3 - 1","['2445', '2449']",Germany,Schalke 04 - Stuttgart (2017-09-10)
1522,2017-09-09 13:30:00,0,2516759,"Freiburg - Borussia Dortmund, 0 - 0","['2447', '2453']",Germany,Freiburg - Borussia Dortmund (2017-09-09)
1523,2017-08-26 13:30:00,0,2516753,"Bayer Leverkusen - Hoffenheim, 2 - 2","['2446', '2482']",Germany,Bayer Leverkusen - Hoffenheim (2017-08-26)
1524,2017-08-26 13:30:00,2445,2516756,"Stuttgart - Mainz 05, 1 - 0","['2445', '2460']",Germany,Stuttgart - Mainz 05 (2017-08-26)
1525,2017-08-19 13:30:00,2482,2516740,"Hoffenheim - Werder Bremen, 1 - 0","['2443', '2482']",Germany,Hoffenheim - Werder Bremen (2017-08-19)
1526,2017-08-18 18:30:00,2444,2516739,"Bayern M\u00fcnchen - Bayer Leverkusen, 3 - 1","['2444', '2446']",Germany,Bayern M\u00fcnchen - Bayer Leverkusen (2017-08-18)
1527,2017-10-01 11:30:00,2453,2516795,"Freiburg - Hoffenheim, 3 - 2","['2453', '2482']",Germany,Freiburg - Hoffenheim (2017-10-01)
1528,2017-09-23 13:30:00,2975,2516786,"RB Leipzig - Eintracht Frankfurt, 2 - 1","['2462', '2975']",Germany,RB Leipzig - Eintracht Frankfurt (2017-09-23)
1529,2017-09-23 13:30:00,2482,2516787,"Hoffenheim - Schalke 04, 2 - 0","['2449', '2482']",Germany,Hoffenheim - Schalke 04 (2017-09-23)
1530,2017-09-23 13:30:00,2460,2516790,"Mainz 05 - Hertha BSC, 1 - 0","['2457', '2460']",Germany,Mainz 05 - Hertha BSC (2017-09-23)
1531,2017-09-23 13:30:00,0,2516792,"Stuttgart - Augsburg, 0 - 0","['2445', '2481']",Germany,Stuttgart - Augsburg (2017-09-23)
1532,2017-09-20 18:30:00,0,2516777,"Freiburg - Hannover 96, 1 - 1","['2453', '2455']",Germany,Freiburg - Hannover 96 (2017-09-20)
1533,2017-09-20 16:30:00,2462,2516775,"K\u00f6ln - Eintracht Frankfurt, 0 - 1","['2462', '2463']",Germany,K\u00f6ln - Eintracht Frankfurt (2017-09-20)
1534,2017-09-19 18:30:00,0,2516783,"Wolfsburg - Werder Bremen, 1 - 1","['2443', '2451']",Germany,Wolfsburg - Werder Bremen (2017-09-19)
1535,2017-09-17 16:00:00,2447,2516767,"Borussia Dortmund - K\u00f6ln, 5 - 0","['2447', '2463']",Germany,Borussia Dortmund - K\u00f6ln (2017-09-17)
1536,2017-09-17 13:30:00,2446,2516772,"Bayer Leverkusen - Freiburg, 4 - 0","['2446', '2453']",Germany,Bayer Leverkusen - Freiburg (2017-09-17)
1537,2017-09-10 13:30:00,0,2516758,"Hertha BSC - Werder Bremen, 1 - 1","['2443', '2457']",Germany,Hertha BSC - Werder Bremen (2017-09-10)
1538,2017-09-09 16:30:00,2482,2516757,"Hoffenheim - Bayern M\u00fcnchen, 2 - 0","['2444', '2482']",Germany,Hoffenheim - Bayern M\u00fcnchen (2017-09-09)
1539,2017-09-09 13:30:00,2462,2516760,"Borussia M'gladbach - Eintracht Frankfurt, 0 - 1","['2454', '2462']",Germany,Borussia M'gladbach - Eintracht Frankfurt (2017-09-09)
1540,2017-09-09 13:30:00,2481,2516762,"Augsburg - K\u00f6ln, 3 - 0","['2463', '2481']",Germany,Augsburg - K\u00f6ln (2017-09-09)
1541,2017-08-27 16:00:00,2455,2516755,"Hannover 96 - Schalke 04, 1 - 0","['2449', '2455']",Germany,Hannover 96 - Schalke 04 (2017-08-27)
1542,2017-08-26 13:30:00,2444,2516751,"Werder Bremen - Bayern M\u00fcnchen, 0 - 2","['2443', '2444']",Germany,Werder Bremen - Bayern M\u00fcnchen (2017-08-26)
1543,2017-08-26 13:30:00,0,2516754,"Augsburg - Borussia M'gladbach, 2 - 2","['2454', '2481']",Germany,Augsburg - Borussia M'gladbach (2017-08-26)
1544,2017-08-20 13:30:00,0,2516742,"Freiburg - Eintracht Frankfurt, 0 - 0","['2453', '2462']",Germany,Freiburg - Eintracht Frankfurt (2017-08-20)
1545,2017-08-19 16:30:00,2449,2516744,"Schalke 04 - RB Leipzig, 2 - 0","['2449', '2975']",Germany,Schalke 04 - RB Leipzig (2017-08-19)
1546,2017-09-29 18:30:00,0,2516797,"Schalke 04 - Bayer Leverkusen, 1 - 1","['2446', '2449']",Germany,Schalke 04 - Bayer Leverkusen (2017-09-29)
1547,2017-09-24 16:00:00,2446,2516789,"Bayer Leverkusen - Hamburger SV, 3 - 0","['2446', '2450']",Germany,Bayer Leverkusen - Hamburger SV (2017-09-24)
1548,2017-09-24 13:30:00,0,2516791,"Hannover 96 - K\u00f6ln, 0 - 0","['2455', '2463']",Germany,Hannover 96 - K\u00f6ln (2017-09-24)
1549,2017-09-23 16:30:00,2447,2516785,"Borussia Dortmund - Borussia M'gladbach, 6 - 1","['2447', '2454']",Germany,Borussia Dortmund - Borussia M'gladbach (2017-09-23)
1550,2017-09-22 18:30:00,0,2516784,"Bayern M\u00fcnchen - Wolfsburg, 2 - 2","['2444', '2451']",Germany,Bayern M\u00fcnchen - Wolfsburg (2017-09-22)
1551,2017-09-20 18:30:00,2482,2516782,"Mainz 05 - Hoffenheim, 2 - 3","['2460', '2482']",Germany,Mainz 05 - Hoffenheim (2017-09-20)
1552,2017-09-16 13:30:00,2449,2516770,"Werder Bremen - Schalke 04, 1 - 2","['2443', '2449']",Germany,Werder Bremen - Schalke 04 (2017-09-16)
1553,2017-09-09 13:30:00,0,2516765,"Wolfsburg - Hannover 96, 1 - 1","['2451', '2455']",Germany,Wolfsburg - Hannover 96 (2017-09-09)
1554,2017-09-08 18:30:00,2975,2516763,"Hamburger SV - RB Leipzig, 0 - 2","['2450', '2975']",Germany,Hamburger SV - RB Leipzig (2017-09-08)
1555,2017-08-26 16:30:00,2447,2516748,"Borussia Dortmund - Hertha BSC, 2 - 0","['2447', '2457']",Germany,Borussia Dortmund - Hertha BSC (2017-08-26)
1556,2017-08-26 13:30:00,2451,2516752,"Eintracht Frankfurt - Wolfsburg, 0 - 1","['2451', '2462']",Germany,Eintracht Frankfurt - Wolfsburg (2017-08-26)
1557,2017-08-20 16:00:00,2454,2516743,"Borussia M'gladbach - K\u00f6ln, 1 - 0","['2454', '2463']",Germany,Borussia M'gladbach - K\u00f6ln (2017-08-20)
1558,2017-08-19 13:30:00,2457,2516741,"Hertha BSC - Stuttgart, 2 - 0","['2445', '2457']",Germany,Hertha BSC - Stuttgart (2017-08-19)
1559,2017-08-19 13:30:00,2450,2516745,"Hamburger SV - Augsburg, 1 - 0","['2450', '2481']",Germany,Hamburger SV - Augsburg (2017-08-19)
1560,2017-08-19 13:30:00,2447,2516747,"Wolfsburg - Borussia Dortmund, 0 - 3","['2447', '2451']",Germany,Wolfsburg - Borussia Dortmund (2017-08-19)
1561,2018-05-20 16:00:00,3157,2576333,"Milan - Fiorentina, 5 - 1","['3157', '3176']",Italy,Milan - Fiorentina (2018-05-20)
1562,2018-05-20 13:00:00,3185,2576338,"Genoa - Torino, 1 - 2","['3185', '3193']",Italy,Genoa - Torino (2018-05-20)
1563,2018-05-19 13:00:00,3159,2576334,"Juventus - Hellas Verona, 2 - 1","['3159', '3194']",Italy,Juventus - Hellas Verona (2018-05-19)
1564,2018-05-12 18:45:00,3315,2576326,"Internazionale - Sassuolo, 1 - 2","['3161', '3315']",Italy,Internazionale - Sassuolo (2018-05-12)
1565,2018-05-06 18:45:00,3158,2576316,"Cagliari - Roma, 0 - 1","['3158', '3173']",Italy,Cagliari - Roma (2018-05-06)
1566,2018-05-06 13:00:00,3165,2576312,"Chievo - Crotone, 2 - 1","['3165', '3197']",Italy,Chievo - Crotone (2018-05-06)
1567,2018-05-06 10:30:00,3161,2576315,"Udinese - Internazionale, 0 - 4","['3161', '3163']",Italy,Udinese - Internazionale (2018-05-06)
1568,2018-04-29 18:45:00,3162,2576303,"Torino - Lazio, 0 - 1","['3162', '3185']",Italy,Torino - Lazio (2018-04-29)
1569,2018-04-29 13:00:00,3204,2576307,"Hellas Verona - SPAL, 1 - 3","['3194', '3204']",Italy,Hellas Verona - SPAL (2018-04-29)
1570,2018-04-29 13:00:00,0,2576308,"Benevento - Udinese, 3 - 3","['3163', '3219']",Italy,Benevento - Udinese (2018-04-29)
1571,2018-04-22 13:00:00,3172,2576298,"Atalanta - Torino, 2 - 1","['3172', '3185']",Italy,Atalanta - Torino (2018-04-22)
1572,2018-04-21 18:45:00,3219,2576289,"Milan - Benevento, 0 - 1","['3157', '3219']",Italy,Milan - Benevento (2018-04-21)
1573,2018-04-21 13:00:00,3158,2576296,"SPAL - Roma, 0 - 3","['3158', '3204']",Italy,SPAL - Roma (2018-04-21)
1574,2018-04-18 18:45:00,3164,2576280,"Sampdoria - Bologna, 1 - 0","['3164', '3166']",Italy,Sampdoria - Bologna (2018-04-18)
1575,2018-05-20 16:00:00,3187,2576332,"Napoli - Crotone, 2 - 1","['3187', '3197']",Italy,Napoli - Crotone (2018-05-20)
1576,2018-05-13 18:45:00,3187,2576325,"Sampdoria - Napoli, 0 - 2","['3164', '3187']",Italy,Sampdoria - Napoli (2018-05-13)
1577,2018-05-13 16:00:00,0,2576324,"Atalanta - Milan, 1 - 1","['3157', '3172']",Italy,Atalanta - Milan (2018-05-13)
1578,2018-04-29 13:00:00,3172,2576301,"Atalanta - Genoa, 3 - 1","['3172', '3193']",Italy,Atalanta - Genoa (2018-04-29)
1579,2018-04-29 13:00:00,3157,2576304,"Bologna - Milan, 1 - 2","['3157', '3166']",Italy,Bologna - Milan (2018-04-29)
1580,2018-04-23 18:45:00,3193,2576293,"Genoa - Hellas Verona, 3 - 1","['3193', '3194']",Italy,Genoa - Hellas Verona (2018-04-23)
1581,2018-04-22 13:00:00,3162,2576297,"Lazio - Sampdoria, 4 - 0","['3162', '3164']",Italy,Lazio - Sampdoria (2018-04-22)
1582,2018-05-20 16:00:00,3204,2576337,"SPAL - Sampdoria, 3 - 1","['3164', '3204']",Italy,SPAL - Sampdoria (2018-05-20)
1583,2018-05-13 18:45:00,0,2576322,"Roma - Juventus, 0 - 0","['3158', '3159']",Italy,Roma - Juventus (2018-05-13)
1584,2018-05-13 13:00:00,3173,2576319,"Fiorentina - Cagliari, 0 - 1","['3173', '3176']",Italy,Fiorentina - Cagliari (2018-05-13)
1585,2018-05-12 16:00:00,3219,2576321,"Benevento - Genoa, 1 - 0","['3193', '3219']",Italy,Benevento - Genoa (2018-05-12)
1586,2018-05-06 13:00:00,0,2576309,"Lazio - Atalanta, 1 - 1","['3162', '3172']",Italy,Lazio - Atalanta (2018-05-06)
1587,2018-05-06 13:00:00,3204,2576310,"SPAL - Benevento, 2 - 0","['3204', '3219']",Italy,SPAL - Benevento (2018-05-06)
1588,2018-05-06 13:00:00,3176,2576313,"Genoa - Fiorentina, 2 - 3","['3176', '3193']",Italy,Genoa - Fiorentina (2018-05-06)
1589,2018-05-05 16:00:00,3157,2576314,"Milan - Hellas Verona, 4 - 1","['3157', '3194']",Italy,Milan - Hellas Verona (2018-05-05)
1590,2018-04-28 16:00:00,3158,2576300,"Roma - Chievo, 4 - 1","['3158', '3165']",Italy,Roma - Chievo (2018-04-28)
1591,2018-04-22 13:00:00,3197,2576291,"Udinese - Crotone, 1 - 2","['3163', '3197']",Italy,Udinese - Crotone (2018-04-22)
1592,2018-04-22 13:00:00,3161,2576294,"Chievo - Internazionale, 1 - 2","['3161', '3165']",Italy,Chievo - Internazionale (2018-04-22)
1593,2018-04-22 10:30:00,0,2576290,"Cagliari - Bologna, 0 - 0","['3166', '3173']",Italy,Cagliari - Bologna (2018-04-22)
1594,2018-04-18 17:45:00,0,2576282,"SPAL - Chievo, 0 - 0","['3165', '3204']",Italy,SPAL - Chievo (2018-04-18)
1595,2018-04-18 18:45:00,3158,2576283,"Roma - Genoa, 2 - 1","['3158', '3193']",Italy,Roma - Genoa (2018-04-18)
1596,2018-05-20 18:45:00,3161,2576335,"Lazio - Internazionale, 2 - 3","['3161', '3162']",Italy,Lazio - Internazionale (2018-05-20)
1597,2018-05-20 18:45:00,3158,2576336,"Sassuolo - Roma, 0 - 1","['3158', '3315']",Italy,Sassuolo - Roma (2018-05-20)
1598,2018-05-20 16:00:00,3173,2576329,"Cagliari - Atalanta, 1 - 0","['3172', '3173']",Italy,Cagliari - Atalanta (2018-05-20)
1599,2018-05-20 16:00:00,3165,2576330,"Chievo - Benevento, 1 - 0","['3165', '3219']",Italy,Chievo - Benevento (2018-05-20)
1600,2018-05-20 16:00:00,3163,2576331,"Udinese - Bologna, 1 - 0","['3163', '3166']",Italy,Udinese - Bologna (2018-05-20)
1601,2018-05-13 13:00:00,3165,2576320,"Bologna - Chievo, 1 - 2","['3165', '3166']",Italy,Bologna - Chievo (2018-05-13)
1602,2018-05-13 13:00:00,0,2576323,"Crotone - Lazio, 2 - 2","['3162', '3197']",Italy,Crotone - Lazio (2018-05-13)
1603,2018-05-13 13:00:00,3185,2576327,"Torino - SPAL, 2 - 1","['3185', '3204']",Italy,Torino - SPAL (2018-05-13)
1604,2018-05-13 13:00:00,3163,2576328,"Hellas Verona - Udinese, 0 - 1","['3163', '3194']",Italy,Hellas Verona - Udinese (2018-05-13)
1605,2018-05-06 16:00:00,3315,2576317,"Sassuolo - Sampdoria, 1 - 0","['3164', '3315']",Italy,Sassuolo - Sampdoria (2018-05-06)
1606,2018-05-06 13:00:00,0,2576318,"Napoli - Torino, 2 - 2","['3185', '3187']",Italy,Napoli - Torino (2018-05-06)
1607,2018-05-05 18:45:00,3159,2576311,"Juventus - Bologna, 3 - 1","['3159', '3166']",Italy,Juventus - Bologna (2018-05-05)
1608,2018-04-29 16:00:00,3176,2576305,"Fiorentina - Napoli, 3 - 0","['3176', '3187']",Italy,Fiorentina - Napoli (2018-04-29)
1609,2018-04-29 13:00:00,3164,2576299,"Sampdoria - Cagliari, 4 - 1","['3164', '3173']",Italy,Sampdoria - Cagliari (2018-04-29)
1610,2018-04-29 10:30:00,3197,2576306,"Crotone - Sassuolo, 4 - 1","['3197', '3315']",Italy,Crotone - Sassuolo (2018-04-29)
1611,2018-04-28 18:45:00,3159,2576302,"Internazionale - Juventus, 2 - 3","['3159', '3161']",Italy,Internazionale - Juventus (2018-04-28)
1612,2018-04-22 18:45:00,3187,2576295,"Juventus - Napoli, 0 - 1","['3159', '3187']",Italy,Juventus - Napoli (2018-04-22)
1613,2018-04-21 16:00:00,3315,2576292,"Sassuolo - Fiorentina, 1 - 0","['3176', '3315']",Italy,Sassuolo - Fiorentina (2018-04-21)
1614,2018-04-18 18:45:00,3162,2576285,"Fiorentina - Lazio, 3 - 4","['3162', '3176']",Italy,Fiorentina - Lazio (2018-04-18)
1615,2018-04-18 18:45:00,0,2576286,"Torino - Milan, 1 - 1","['3157', '3185']",Italy,Torino - Milan (2018-04-18)
1616,2018-04-15 13:00:00,0,2576269,"Sassuolo - Benevento, 2 - 2","['3219', '3315']",Italy,Sassuolo - Benevento (2018-04-15)
1617,2018-04-14 16:00:00,3193,2576270,"Genoa - Crotone, 1 - 0","['3193', '3197']",Italy,Genoa - Crotone (2018-04-14)
1618,2018-04-08 18:45:00,0,2576268,"Milan - Sassuolo, 1 - 1","['3157', '3315']",Italy,Milan - Sassuolo (2018-04-08)
1619,2018-04-07 16:00:00,0,2576259,"SPAL - Atalanta, 1 - 1","['3172', '3204']",Italy,SPAL - Atalanta (2018-04-07)
1620,2018-04-04 16:30:00,0,2576228,"Chievo - Sassuolo, 1 - 1","['3165', '3315']",Italy,Chievo - Sassuolo (2018-04-04)
1621,2018-03-31 16:00:00,3165,2576255,"Chievo - Sampdoria, 2 - 1","['3164', '3165']",Italy,Chievo - Sampdoria (2018-03-31)
1622,2018-03-31 13:00:00,0,2576256,"Genoa - SPAL, 1 - 1","['3193', '3204']",Italy,Genoa - SPAL (2018-03-31)
1623,2018-03-18 19:45:00,0,2576240,"Lazio - Bologna, 1 - 1","['3162', '3166']",Italy,Lazio - Bologna (2018-03-18)
1624,2018-03-18 11:30:00,3161,2576245,"Sampdoria - Internazionale, 0 - 5","['3161', '3164']",Italy,Sampdoria - Internazionale (2018-03-18)
1625,2018-04-15 18:45:00,0,2576274,"Lazio - Roma, 0 - 0","['3158', '3162']",Italy,Lazio - Roma (2018-04-15)
1626,2018-04-15 16:00:00,3159,2576275,"Juventus - Sampdoria, 3 - 0","['3159', '3164']",Italy,Juventus - Sampdoria (2018-04-15)
1627,2018-04-15 13:00:00,3166,2576271,"Bologna - Hellas Verona, 2 - 0","['3166', '3194']",Italy,Bologna - Hellas Verona (2018-04-15)
1628,2018-04-15 13:00:00,0,2576273,"Milan - Napoli, 0 - 0","['3157', '3187']",Italy,Milan - Napoli (2018-04-15)
1629,2018-04-14 13:00:00,3173,2576278,"Cagliari - Udinese, 2 - 1","['3163', '3173']",Italy,Cagliari - Udinese (2018-04-14)
1630,2018-04-08 13:00:00,3187,2576262,"Napoli - Chievo, 2 - 1","['3165', '3187']",Italy,Napoli - Chievo (2018-04-08)
1631,2018-04-07 16:00:00,3176,2576263,"Roma - Fiorentina, 0 - 2","['3158', '3176']",Italy,Roma - Fiorentina (2018-04-07)
1632,2018-04-07 13:00:00,3159,2576266,"Benevento - Juventus, 2 - 4","['3159', '3219']",Italy,Benevento - Juventus (2018-04-07)
1633,2018-04-04 15:00:00,3219,2576223,"Benevento - Hellas Verona, 3 - 0","['3194', '3219']",Italy,Benevento - Hellas Verona (2018-04-04)
1634,2018-04-03 16:30:00,3193,2576220,"Genoa - Cagliari, 2 - 1","['3173', '3193']",Italy,Genoa - Cagliari (2018-04-03)
1635,2018-04-03 16:30:00,3164,2576227,"Atalanta - Sampdoria, 1 - 2","['3164', '3172']",Italy,Atalanta - Sampdoria (2018-04-03)
1636,2018-03-31 16:00:00,0,2576253,"Sassuolo - Napoli, 1 - 1","['3187', '3315']",Italy,Sassuolo - Napoli (2018-03-31)
1637,2018-03-31 13:00:00,3162,2576249,"Lazio - Benevento, 6 - 2","['3162', '3219']",Italy,Lazio - Benevento (2018-03-31)
1638,2018-03-31 13:00:00,3176,2576250,"Fiorentina - Crotone, 2 - 0","['3176', '3197']",Italy,Fiorentina - Crotone (2018-03-31)
1639,2018-03-31 13:00:00,3161,2576251,"Internazionale - Hellas Verona, 3 - 0","['3161', '3194']",Italy,Internazionale - Hellas Verona (2018-03-31)
1640,2018-03-18 14:00:00,3158,2576247,"Crotone - Roma, 0 - 2","['3158', '3197']",Italy,Crotone - Roma (2018-03-18)
1641,2018-03-17 19:45:00,0,2576246,"SPAL - Juventus, 0 - 0","['3159', '3204']",Italy,SPAL - Juventus (2018-03-17)
1642,2018-04-18 18:45:00,3187,2576288,"Napoli - Udinese, 4 - 2","['3163', '3187']",Italy,Napoli - Udinese (2018-04-18)
1643,2018-04-18 16:00:00,3172,2576279,"Benevento - Atalanta, 0 - 3","['3172', '3219']",Italy,Benevento - Atalanta (2018-04-18)
1644,2018-04-17 18:45:00,3161,2576281,"Internazionale - Cagliari, 4 - 0","['3161', '3173']",Italy,Internazionale - Cagliari (2018-04-17)
1645,2018-04-14 18:45:00,0,2576272,"Atalanta - Internazionale, 0 - 0","['3161', '3172']",Italy,Atalanta - Internazionale (2018-04-14)
1646,2018-04-14 16:00:00,0,2576277,"Chievo - Torino, 0 - 0","['3165', '3185']",Italy,Chievo - Torino (2018-04-14)
1647,2018-04-08 13:00:00,3194,2576261,"Hellas Verona - Cagliari, 1 - 0","['3173', '3194']",Italy,Hellas Verona - Cagliari (2018-04-08)
1648,2018-04-04 16:30:00,3185,2576221,"Torino - Crotone, 4 - 1","['3185', '3197']",Italy,Torino - Crotone (2018-04-04)
1649,2018-04-03 16:30:00,3176,2576222,"Udinese - Fiorentina, 0 - 2","['3163', '3176']",Italy,Udinese - Fiorentina (2018-04-03)
1650,2018-03-31 10:30:00,0,2576254,"Bologna - Roma, 1 - 1","['3158', '3166']",Italy,Bologna - Roma (2018-03-31)
1651,2018-03-18 14:00:00,3157,2576242,"Milan - Chievo, 3 - 2","['3157', '3165']",Italy,Milan - Chievo (2018-03-18)
1652,2018-03-18 14:00:00,3176,2576243,"Torino - Fiorentina, 1 - 2","['3176', '3185']",Italy,Torino - Fiorentina (2018-03-18)
1653,2018-04-18 18:45:00,0,2576284,"Crotone - Juventus, 1 - 1","['3159', '3197']",Italy,Crotone - Juventus (2018-04-18)
1654,2018-04-18 17:45:00,3315,2576287,"Hellas Verona - Sassuolo, 0 - 1","['3194', '3315']",Italy,Hellas Verona - Sassuolo (2018-04-18)
1655,2018-04-15 10:30:00,0,2576276,"Fiorentina - SPAL, 0 - 0","['3176', '3204']",Italy,Fiorentina - SPAL (2018-04-15)
1656,2018-04-08 16:00:00,3162,2576267,"Udinese - Lazio, 1 - 2","['3162', '3163']",Italy,Udinese - Lazio (2018-04-08)
1657,2018-04-08 13:00:00,3197,2576260,"Crotone - Bologna, 1 - 0","['3166', '3197']",Italy,Crotone - Bologna (2018-04-08)
1658,2018-04-08 10:30:00,3185,2576265,"Torino - Internazionale, 1 - 0","['3161', '3185']",Italy,Torino - Internazionale (2018-04-08)
1659,2018-04-07 18:45:00,0,2576264,"Sampdoria - Genoa, 0 - 0","['3164', '3193']",Italy,Sampdoria - Genoa (2018-04-07)
1660,2018-04-04 16:30:00,0,2576224,"Milan - Internazionale, 0 - 0","['3157', '3161']",Italy,Milan - Internazionale (2018-04-04)
1661,2018-03-31 18:45:00,3159,2576252,"Juventus - Milan, 3 - 1","['3157', '3159']",Italy,Juventus - Milan (2018-03-31)
1662,2018-03-31 13:00:00,3185,2576257,"Cagliari - Torino, 0 - 4","['3173', '3185']",Italy,Cagliari - Torino (2018-03-31)
1663,2018-03-31 13:00:00,3172,2576258,"Atalanta - Udinese, 2 - 0","['3163', '3172']",Italy,Atalanta - Udinese (2018-03-31)
1664,2018-03-18 19:45:00,3187,2576244,"Napoli - Genoa, 1 - 0","['3187', '3193']",Italy,Napoli - Genoa (2018-03-18)
1665,2018-03-18 14:00:00,3172,2576239,"Hellas Verona - Atalanta, 0 - 5","['3172', '3194']",Italy,Hellas Verona - Atalanta (2018-03-18)
1666,2018-03-18 14:00:00,3173,2576241,"Benevento - Cagliari, 1 - 2","['3173', '3219']",Italy,Benevento - Cagliari (2018-03-18)
1667,2018-03-11 19:45:00,0,2576234,"Internazionale - Napoli, 0 - 0","['3161', '3187']",Italy,Internazionale - Napoli (2018-03-11)
1668,2018-03-11 17:00:00,3157,2576233,"Genoa - Milan, 0 - 1","['3157', '3193']",Italy,Genoa - Milan (2018-03-11)
1669,2018-03-11 14:00:00,3159,2576238,"Juventus - Udinese, 2 - 0","['3159', '3163']",Italy,Juventus - Udinese (2018-03-11)
1670,2018-03-11 11:30:00,3176,2576230,"Fiorentina - Benevento, 1 - 0","['3176', '3219']",Italy,Fiorentina - Benevento (2018-03-11)
1671,2018-03-10 19:45:00,3194,2576231,"Hellas Verona - Chievo, 1 - 0","['3165', '3194']",Italy,Hellas Verona - Chievo (2018-03-10)
1672,2018-03-03 14:00:00,3204,2576219,"SPAL - Bologna, 1 - 0","['3166', '3204']",Italy,SPAL - Bologna (2018-03-03)
1673,2018-02-25 19:45:00,3157,2576214,"Roma - Milan, 0 - 2","['3157', '3158']",Italy,Roma - Milan (2018-02-25)
1674,2018-02-25 11:30:00,3204,2576216,"Crotone - SPAL, 2 - 3","['3197', '3204']",Italy,Crotone - SPAL (2018-02-25)
1675,2018-02-24 19:45:00,3161,2576210,"Internazionale - Benevento, 2 - 0","['3161', '3219']",Italy,Internazionale - Benevento (2018-02-24)
1676,2018-02-17 14:00:00,3158,2576205,"Udinese - Roma, 0 - 2","['3158', '3163']",Italy,Udinese - Roma (2018-02-17)
1677,2018-02-10 19:45:00,3187,2576196,"Napoli - Lazio, 4 - 1","['3162', '3187']",Italy,Napoli - Lazio (2018-02-10)
1678,2018-03-17 17:00:00,3315,2576248,"Udinese - Sassuolo, 1 - 2","['3163', '3315']",Italy,Udinese - Sassuolo (2018-03-17)
1679,2018-03-11 14:00:00,3172,2576229,"Bologna - Atalanta, 0 - 1","['3166', '3172']",Italy,Bologna - Atalanta (2018-03-11)
1680,2018-02-18 17:00:00,0,2576201,"Atalanta - Fiorentina, 1 - 1","['3172', '3176']",Italy,Atalanta - Fiorentina (2018-02-18)
1681,2018-02-18 11:30:00,3159,2576204,"Torino - Juventus, 0 - 1","['3159', '3185']",Italy,Torino - Juventus (2018-02-18)
1682,2018-02-17 19:45:00,3193,2576203,"Genoa - Internazionale, 2 - 0","['3161', '3193']",Italy,Genoa - Internazionale (2018-02-17)
1683,2018-02-17 17:00:00,3165,2576199,"Chievo - Cagliari, 2 - 1","['3165', '3173']",Italy,Chievo - Cagliari (2018-02-17)
1684,2018-02-11 14:00:00,3161,2576191,"Internazionale - Bologna, 2 - 1","['3161', '3166']",Italy,Internazionale - Bologna (2018-02-11)
1685,2018-02-11 14:00:00,3164,2576194,"Sampdoria - Hellas Verona, 2 - 0","['3164', '3194']",Italy,Sampdoria - Hellas Verona (2018-02-11)
1686,2018-02-04 14:00:00,3173,2576187,"Cagliari - SPAL, 2 - 0","['3173', '3204']",Italy,Cagliari - SPAL (2018-02-04)
1687,2018-02-04 11:30:00,3158,2576185,"Hellas Verona - Roma, 0 - 1","['3158', '3194']",Italy,Hellas Verona - Roma (2018-02-04)
1688,2018-03-11 14:00:00,0,2576232,"Cagliari - Lazio, 2 - 2","['3162', '3173']",Italy,Cagliari - Lazio (2018-03-11)
1689,2018-03-11 14:00:00,3197,2576235,"Crotone - Sampdoria, 4 - 1","['3164', '3197']",Italy,Crotone - Sampdoria (2018-03-11)
1690,2018-03-09 19:45:00,3158,2576237,"Roma - Torino, 3 - 0","['3158', '3185']",Italy,Roma - Torino (2018-03-09)
1691,2018-02-26 19:45:00,3187,2576215,"Cagliari - Napoli, 0 - 5","['3173', '3187']",Italy,Cagliari - Napoli (2018-02-26)
1692,2018-02-25 14:00:00,3194,2576217,"Hellas Verona - Torino, 2 - 1","['3185', '3194']",Italy,Hellas Verona - Torino (2018-02-25)
1693,2018-02-25 14:00:00,3164,2576218,"Sampdoria - Udinese, 2 - 1","['3163', '3164']",Italy,Sampdoria - Udinese (2018-02-25)
1694,2018-02-18 14:00:00,3219,2576200,"Benevento - Crotone, 3 - 2","['3197', '3219']",Italy,Benevento - Crotone (2018-02-18)
1695,2018-02-18 14:00:00,3166,2576207,"Bologna - Sassuolo, 2 - 1","['3166', '3315']",Italy,Bologna - Sassuolo (2018-02-18)
1696,2018-02-11 14:00:00,3185,2576198,"Torino - Udinese, 2 - 0","['3163', '3185']",Italy,Torino - Udinese (2018-02-11)
1697,2018-02-10 17:00:00,0,2576189,"Crotone - Atalanta, 1 - 1","['3172', '3197']",Italy,Crotone - Atalanta (2018-02-10)
1698,2018-02-05 19:45:00,3193,2576182,"Lazio - Genoa, 1 - 2","['3162', '3193']",Italy,Lazio - Genoa (2018-02-05)
1699,2018-02-04 19:45:00,3187,2576184,"Benevento - Napoli, 0 - 2","['3187', '3219']",Italy,Benevento - Napoli (2018-02-04)
1700,2018-02-04 14:00:00,3172,2576179,"Atalanta - Chievo, 1 - 0","['3165', '3172']",Italy,Atalanta - Chievo (2018-02-04)
1701,2018-02-04 14:00:00,3176,2576181,"Bologna - Fiorentina, 1 - 2","['3166', '3176']",Italy,Bologna - Fiorentina (2018-02-04)
1702,2018-02-04 14:00:00,0,2576183,"Udinese - Milan, 1 - 1","['3157', '3163']",Italy,Udinese - Milan (2018-02-04)
1703,2018-03-14 17:00:00,3159,2576209,"Juventus - Atalanta, 2 - 0","['3159', '3172']",Italy,Juventus - Atalanta (2018-03-14)
1704,2018-03-11 14:00:00,0,2576236,"Sassuolo - SPAL, 1 - 1","['3204', '3315']",Italy,Sassuolo - SPAL (2018-03-11)
1705,2018-03-03 19:45:00,3158,2576226,"Napoli - Roma, 2 - 4","['3158', '3187']",Italy,Napoli - Roma (2018-03-03)
1706,2018-03-03 17:00:00,3159,2576225,"Lazio - Juventus, 0 - 1","['3159', '3162']",Italy,Lazio - Juventus (2018-03-03)
1707,2018-02-25 14:00:00,3176,2576211,"Fiorentina - Chievo, 1 - 0","['3165', '3176']",Italy,Fiorentina - Chievo (2018-02-25)
1708,2018-02-25 14:00:00,3162,2576213,"Sassuolo - Lazio, 0 - 3","['3162', '3315']",Italy,Sassuolo - Lazio (2018-02-25)
1709,2018-02-24 17:00:00,3166,2576212,"Bologna - Genoa, 2 - 0","['3166', '3193']",Italy,Bologna - Genoa (2018-02-24)
1710,2018-02-19 19:45:00,3162,2576202,"Lazio - Hellas Verona, 2 - 0","['3162', '3194']",Italy,Lazio - Hellas Verona (2018-02-19)
1711,2018-02-18 19:45:00,3157,2576206,"Milan - Sampdoria, 1 - 0","['3157', '3164']",Italy,Milan - Sampdoria (2018-02-18)
1712,2018-02-18 14:00:00,3187,2576208,"Napoli - SPAL, 1 - 0","['3187', '3204']",Italy,Napoli - SPAL (2018-02-18)
1713,2018-02-11 19:45:00,3158,2576190,"Roma - Benevento, 5 - 2","['3158', '3219']",Italy,Roma - Benevento (2018-02-11)
1714,2018-02-11 14:00:00,3193,2576193,"Chievo - Genoa, 0 - 1","['3165', '3193']",Italy,Chievo - Genoa (2018-02-11)
1715,2018-02-11 11:30:00,0,2576192,"Sassuolo - Cagliari, 0 - 0","['3173', '3315']",Italy,Sassuolo - Cagliari (2018-02-11)
1716,2018-02-10 14:00:00,3157,2576197,"SPAL - Milan, 0 - 4","['3157', '3204']",Italy,SPAL - Milan (2018-02-10)
1717,2018-02-09 19:45:00,3159,2576195,"Fiorentina - Juventus, 0 - 2","['3159', '3176']",Italy,Fiorentina - Juventus (2018-02-09)
1718,2018-02-04 14:00:00,3159,2576186,"Juventus - Sassuolo, 7 - 0","['3159', '3315']",Italy,Juventus - Sassuolo (2018-02-04)
1719,2018-01-28 17:00:00,3157,2576176,"Milan - Lazio, 2 - 1","['3157', '3162']",Italy,Milan - Lazio (2018-01-28)
1720,2018-01-28 14:00:00,3187,2576171,"Napoli - Bologna, 3 - 1","['3166', '3187']",Italy,Napoli - Bologna (2018-01-28)
1721,2018-01-27 17:00:00,3172,2576169,"Sassuolo - Atalanta, 0 - 3","['3172', '3315']",Italy,Sassuolo - Atalanta (2018-01-27)
1722,2018-01-21 14:00:00,3164,2576162,"Sampdoria - Fiorentina, 3 - 1","['3164', '3176']",Italy,Sampdoria - Fiorentina (2018-01-21)
1723,2018-01-05 19:45:00,0,2576153,"Fiorentina - Internazionale, 1 - 1","['3161', '3176']",Italy,Fiorentina - Internazionale (2018-01-05)
1724,2017-12-30 17:00:00,0,2576145,"Internazionale - Lazio, 0 - 0","['3161', '3162']",Italy,Internazionale - Lazio (2017-12-30)
1725,2017-12-30 14:00:00,3173,2576139,"Atalanta - Cagliari, 1 - 2","['3172', '3173']",Italy,Atalanta - Cagliari (2017-12-30)
1726,2017-12-30 14:00:00,3163,2576141,"Bologna - Udinese, 1 - 2","['3163', '3166']",Italy,Bologna - Udinese (2017-12-30)
1727,2017-12-30 14:00:00,0,2576146,"Roma - Sassuolo, 1 - 1","['3158', '3315']",Italy,Roma - Sassuolo (2017-12-30)
1728,2017-12-30 11:30:00,0,2576143,"Fiorentina - Milan, 1 - 1","['3157', '3176']",Italy,Fiorentina - Milan (2017-12-30)
1729,2017-12-23 14:00:00,3163,2576138,"Udinese - Hellas Verona, 4 - 0","['3163', '3194']",Italy,Udinese - Hellas Verona (2017-12-23)
1730,2018-01-28 14:00:00,0,2576172,"Crotone - Cagliari, 1 - 1","['3173', '3197']",Italy,Crotone - Cagliari (2018-01-28)
1731,2018-01-21 14:00:00,3162,2576160,"Lazio - Chievo, 5 - 1","['3162', '3165']",Italy,Lazio - Chievo (2018-01-21)
1732,2018-01-21 14:00:00,3197,2576161,"Hellas Verona - Crotone, 0 - 3","['3194', '3197']",Italy,Hellas Verona - Crotone (2018-01-21)
1733,2018-01-21 14:00:00,0,2576167,"Udinese - SPAL, 1 - 1","['3163', '3204']",Italy,Udinese - SPAL (2018-01-21)
1734,2018-01-21 11:30:00,3187,2576165,"Atalanta - Napoli, 0 - 1","['3172', '3187']",Italy,Atalanta - Napoli (2018-01-21)
1735,2018-01-06 14:00:00,3162,2576155,"SPAL - Lazio, 2 - 5","['3162', '3204']",Italy,SPAL - Lazio (2018-01-06)
1736,2018-01-05 17:00:00,0,2576158,"Chievo - Udinese, 1 - 1","['3163', '3165']",Italy,Chievo - Udinese (2018-01-05)
1737,2017-12-30 14:00:00,3219,2576140,"Benevento - Chievo, 1 - 0","['3165', '3219']",Italy,Benevento - Chievo (2017-12-30)
1738,2017-12-30 14:00:00,0,2576148,"Torino - Genoa, 0 - 0","['3185', '3193']",Italy,Torino - Genoa (2017-12-30)
1739,2017-12-29 19:45:00,3187,2576142,"Crotone - Napoli, 0 - 1","['3187', '3197']",Italy,Crotone - Napoli (2017-12-29)
1740,2017-12-23 14:00:00,3193,2576131,"Genoa - Benevento, 1 - 0","['3193', '3219']",Italy,Genoa - Benevento (2017-12-23)
1741,2017-12-23 14:00:00,3187,2576135,"Napoli - Sampdoria, 3 - 2","['3164', '3187']",Italy,Napoli - Sampdoria (2017-12-23)
1742,2017-12-23 11:30:00,3162,2576133,"Lazio - Crotone, 4 - 0","['3162', '3197']",Italy,Lazio - Crotone (2017-12-23)
1743,2018-01-28 14:00:00,3185,2576170,"Torino - Benevento, 3 - 0","['3185', '3219']",Italy,Torino - Benevento (2018-01-28)
1744,2018-01-28 14:00:00,3194,2576173,"Fiorentina - Hellas Verona, 1 - 4","['3176', '3194']",Italy,Fiorentina - Hellas Verona (2018-01-28)
1745,2018-01-28 14:00:00,3163,2576178,"Genoa - Udinese, 0 - 1","['3163', '3193']",Italy,Genoa - Udinese (2018-01-28)
1746,2018-01-27 19:45:00,3159,2576175,"Chievo - Juventus, 0 - 2","['3159', '3165']",Italy,Chievo - Juventus (2018-01-27)
1747,2018-01-24 19:45:00,0,2575987,"Sampdoria - Roma, 1 - 1","['3158', '3164']",Italy,Sampdoria - Roma (2018-01-24)
1748,2018-01-24 17:30:00,3162,2576077,"Lazio - Udinese, 3 - 0","['3162', '3163']",Italy,Lazio - Udinese (2018-01-24)
1749,2018-01-22 19:45:00,3159,2576163,"Juventus - Genoa, 1 - 0","['3159', '3193']",Italy,Juventus - Genoa (2018-01-22)
1750,2018-01-21 19:45:00,0,2576166,"Internazionale - Roma, 1 - 1","['3158', '3161']",Italy,Internazionale - Roma (2018-01-21)
1751,2018-01-21 14:00:00,0,2576168,"Sassuolo - Torino, 1 - 1","['3185', '3315']",Italy,Sassuolo - Torino (2018-01-21)
1752,2018-01-06 17:00:00,3172,2576149,"Roma - Atalanta, 1 - 2","['3158', '3172']",Italy,Roma - Atalanta (2018-01-06)
1753,2018-01-06 14:00:00,3157,2576151,"Milan - Crotone, 1 - 0","['3157', '3197']",Italy,Milan - Crotone (2018-01-06)
1754,2018-01-06 14:00:00,3187,2576152,"Napoli - Hellas Verona, 2 - 0","['3187', '3194']",Italy,Napoli - Hellas Verona (2018-01-06)
1755,2018-01-06 11:30:00,3185,2576150,"Torino - Bologna, 3 - 0","['3166', '3185']",Italy,Torino - Bologna (2018-01-06)
1756,2017-12-30 19:45:00,3159,2576144,"Hellas Verona - Juventus, 1 - 3","['3159', '3194']",Italy,Hellas Verona - Juventus (2017-12-30)
1757,2017-12-30 14:00:00,3164,2576147,"Sampdoria - SPAL, 2 - 0","['3164', '3204']",Italy,Sampdoria - SPAL (2017-12-30)
1758,2017-12-23 14:00:00,0,2576137,"SPAL - Torino, 2 - 2","['3185', '3204']",Italy,SPAL - Torino (2017-12-23)
1759,2018-02-03 19:45:00,0,2576180,"Internazionale - Crotone, 1 - 1","['3161', '3197']",Italy,Internazionale - Crotone (2018-02-03)
1760,2018-02-03 17:00:00,0,2576188,"Sampdoria - Torino, 1 - 1","['3164', '3185']",Italy,Sampdoria - Torino (2018-02-03)
1761,2018-01-28 19:45:00,3164,2576177,"Roma - Sampdoria, 0 - 1","['3158', '3164']",Italy,Roma - Sampdoria (2018-01-28)
1762,2018-01-28 11:30:00,0,2576174,"SPAL - Internazionale, 1 - 1","['3161', '3204']",Italy,SPAL - Internazionale (2018-01-28)
1763,2018-01-21 17:00:00,3157,2576164,"Cagliari - Milan, 1 - 2","['3157', '3173']",Italy,Cagliari - Milan (2018-01-21)
1764,2018-01-21 14:00:00,3166,2576159,"Bologna - Benevento, 3 - 0","['3166', '3219']",Italy,Bologna - Benevento (2018-01-21)
1765,2018-01-06 19:45:00,3159,2576154,"Cagliari - Juventus, 0 - 1","['3159', '3173']",Italy,Cagliari - Juventus (2018-01-06)
1766,2018-01-06 14:00:00,3219,2576156,"Benevento - Sampdoria, 3 - 2","['3164', '3219']",Italy,Benevento - Sampdoria (2018-01-06)
1767,2018-01-06 14:00:00,3193,2576157,"Genoa - Sassuolo, 1 - 0","['3193', '3315']",Italy,Genoa - Sassuolo (2018-01-06)
1768,2017-12-23 19:45:00,3159,2576132,"Juventus - Roma, 1 - 0","['3158', '3159']",Italy,Juventus - Roma (2017-12-23)
1769,2017-12-23 17:00:00,3172,2576134,"Milan - Atalanta, 0 - 2","['3157', '3172']",Italy,Milan - Atalanta (2017-12-23)
1770,2017-12-23 14:00:00,3315,2576136,"Sassuolo - Internazionale, 1 - 0","['3161', '3315']",Italy,Sassuolo - Internazionale (2017-12-23)
1771,2017-12-22 19:45:00,3176,2576129,"Cagliari - Fiorentina, 0 - 1","['3173', '3176']",Italy,Cagliari - Fiorentina (2017-12-22)
1772,2017-12-17 14:00:00,0,2576123,"Fiorentina - Genoa, 0 - 0","['3176', '3193']",Italy,Fiorentina - Genoa (2017-12-17)
1773,2017-12-16 19:45:00,3158,2576126,"Roma - Cagliari, 1 - 0","['3158', '3173']",Italy,Roma - Cagliari (2017-12-16)
1774,2017-12-10 17:00:00,3315,2576116,"Sassuolo - Crotone, 2 - 1","['3197', '3315']",Italy,Sassuolo - Crotone (2017-12-10)
1775,2017-12-09 19:45:00,0,2576112,"Juventus - Internazionale, 0 - 0","['3159', '3161']",Italy,Juventus - Internazionale (2017-12-09)
1776,2017-12-03 19:45:00,3162,2576107,"Sampdoria - Lazio, 1 - 2","['3162', '3164']",Italy,Sampdoria - Lazio (2017-12-03)
1777,2017-12-01 17:30:00,3158,2576106,"Roma - SPAL, 3 - 1","['3158', '3204']",Italy,Roma - SPAL (2017-12-01)
1778,2017-11-26 17:00:00,0,2576095,"Lazio - Fiorentina, 1 - 1","['3162', '3176']",Italy,Lazio - Fiorentina (2017-11-26)
1779,2017-11-26 14:00:00,0,2576096,"Milan - Torino, 0 - 0","['3157', '3185']",Italy,Milan - Torino (2017-11-26)
1780,2017-11-25 17:00:00,3165,2576092,"Chievo - SPAL, 2 - 1","['3165', '3204']",Italy,Chievo - SPAL (2017-11-25)
1781,2017-11-25 17:00:00,3194,2576097,"Sassuolo - Hellas Verona, 0 - 2","['3194', '3315']",Italy,Sassuolo - Hellas Verona (2017-11-25)
1782,2017-11-25 14:00:00,3166,2576090,"Bologna - Sampdoria, 3 - 0","['3164', '3166']",Italy,Bologna - Sampdoria (2017-11-25)
1783,2017-11-19 14:00:00,3315,2576079,"Benevento - Sassuolo, 1 - 2","['3219', '3315']",Italy,Benevento - Sassuolo (2017-11-19)
1784,2017-11-19 14:00:00,3164,2576085,"Sampdoria - Juventus, 3 - 2","['3159', '3164']",Italy,Sampdoria - Juventus (2017-11-19)
1785,2017-11-19 14:00:00,0,2576086,"SPAL - Fiorentina, 1 - 1","['3176', '3204']",Italy,SPAL - Fiorentina (2017-11-19)
1786,2017-11-19 14:00:00,0,2576087,"Torino - Chievo, 1 - 1","['3165', '3185']",Italy,Torino - Chievo (2017-11-19)
1787,2017-11-18 19:45:00,3187,2576083,"Napoli - Milan, 2 - 1","['3157', '3187']",Italy,Napoli - Milan (2017-11-18)
1788,2017-12-22 17:00:00,3166,2576130,"Chievo - Bologna, 2 - 3","['3165', '3166']",Italy,Chievo - Bologna (2017-12-22)
1789,2017-12-17 19:45:00,0,2576119,"Atalanta - Lazio, 3 - 3","['3162', '3172']",Italy,Atalanta - Lazio (2017-12-17)
1790,2017-12-17 17:00:00,3204,2576120,"Benevento - SPAL, 1 - 2","['3204', '3219']",Italy,Benevento - SPAL (2017-12-17)
1791,2017-12-17 11:30:00,3194,2576124,"Hellas Verona - Milan, 3 - 0","['3157', '3194']",Italy,Hellas Verona - Milan (2017-12-17)
1792,2017-12-16 17:00:00,3187,2576128,"Torino - Napoli, 1 - 3","['3185', '3187']",Italy,Torino - Napoli (2017-12-16)
1793,2017-12-12 18:00:00,3172,2576111,"Genoa - Atalanta, 1 - 2","['3172', '3193']",Italy,Genoa - Atalanta (2017-12-12)
1794,2017-12-10 19:45:00,3157,2576114,"Milan - Bologna, 2 - 1","['3157', '3166']",Italy,Milan - Bologna (2017-12-10)
1795,2017-12-10 14:00:00,0,2576115,"Napoli - Fiorentina, 0 - 0","['3176', '3187']",Italy,Napoli - Fiorentina (2017-12-10)
1796,2017-12-10 11:30:00,0,2576110,"Chievo - Roma, 0 - 0","['3158', '3165']",Italy,Chievo - Roma (2017-12-10)
1797,2017-12-04 18:00:00,3163,2576101,"Crotone - Udinese, 0 - 3","['3163', '3197']",Italy,Crotone - Udinese (2017-12-04)
1798,2017-12-03 14:00:00,0,2576100,"Bologna - Cagliari, 1 - 1","['3166', '3173']",Italy,Bologna - Cagliari (2017-12-03)
1799,2017-12-03 14:00:00,3161,2576104,"Internazionale - Chievo, 5 - 0","['3161', '3165']",Italy,Internazionale - Chievo (2017-12-03)
1800,2017-11-27 19:45:00,3172,2576089,"Atalanta - Benevento, 1 - 0","['3172', '3219']",Italy,Atalanta - Benevento (2017-11-27)
1801,2017-11-25 19:45:00,3161,2576091,"Cagliari - Internazionale, 1 - 3","['3161', '3173']",Italy,Cagliari - Internazionale (2017-11-25)
1802,2017-11-19 11:30:00,3193,2576080,"Crotone - Genoa, 0 - 1","['3193', '3197']",Italy,Crotone - Genoa (2017-11-19)
1803,2017-12-17 14:00:00,3159,2576121,"Bologna - Juventus, 0 - 3","['3159', '3166']",Italy,Bologna - Juventus (2017-12-17)
1804,2017-12-17 14:00:00,3197,2576122,"Crotone - Chievo, 1 - 0","['3165', '3197']",Italy,Crotone - Chievo (2017-12-17)
1805,2017-12-11 20:00:00,3185,2576113,"Lazio - Torino, 1 - 3","['3162', '3185']",Italy,Lazio - Torino (2017-12-11)
1806,2017-12-10 14:00:00,0,2576117,"SPAL - Hellas Verona, 2 - 2","['3194', '3204']",Italy,SPAL - Hellas Verona (2017-12-10)
1807,2017-12-10 14:00:00,3163,2576118,"Udinese - Benevento, 2 - 0","['3163', '3219']",Italy,Udinese - Benevento (2017-12-10)
1808,2017-12-04 20:00:00,3193,2576103,"Hellas Verona - Genoa, 0 - 1","['3193', '3194']",Italy,Hellas Verona - Genoa (2017-12-04)
1809,2017-12-03 14:00:00,3176,2576102,"Fiorentina - Sassuolo, 3 - 0","['3176', '3315']",Italy,Fiorentina - Sassuolo (2017-12-03)
1810,2017-12-03 11:30:00,0,2576099,"Benevento - Milan, 2 - 2","['3157', '3219']",Italy,Benevento - Milan (2017-12-03)
1811,2017-11-26 14:00:00,0,2576093,"Genoa - Roma, 1 - 1","['3158', '3193']",Italy,Genoa - Roma (2017-11-26)
1812,2017-11-20 19:45:00,3166,2576081,"Hellas Verona - Bologna, 2 - 3","['3166', '3194']",Italy,Hellas Verona - Bologna (2017-11-20)
1813,2017-11-19 19:45:00,3161,2576082,"Internazionale - Atalanta, 2 - 0","['3161', '3172']",Italy,Internazionale - Atalanta (2017-11-19)
1814,2017-12-17 14:00:00,3315,2576127,"Sampdoria - Sassuolo, 0 - 1","['3164', '3315']",Italy,Sampdoria - Sassuolo (2017-12-17)
1815,2017-12-16 14:00:00,3163,2576125,"Internazionale - Udinese, 1 - 3","['3161', '3163']",Italy,Internazionale - Udinese (2017-12-16)
1816,2017-12-09 17:00:00,0,2576109,"Cagliari - Sampdoria, 2 - 2","['3164', '3173']",Italy,Cagliari - Sampdoria (2017-12-09)
1817,2017-12-02 19:45:00,0,2576108,"Torino - Atalanta, 1 - 1","['3172', '3185']",Italy,Torino - Atalanta (2017-12-02)
1818,2017-12-01 19:45:00,3159,2576105,"Napoli - Juventus, 0 - 1","['3159', '3187']",Italy,Napoli - Juventus (2017-12-01)
1819,2017-11-26 19:45:00,3159,2576094,"Juventus - Crotone, 3 - 0","['3159', '3197']",Italy,Juventus - Crotone (2017-11-26)
1820,2017-11-26 14:00:00,3187,2576098,"Udinese - Napoli, 0 - 1","['3163', '3187']",Italy,Udinese - Napoli (2017-11-26)
1821,2017-11-19 14:00:00,3173,2576088,"Udinese - Cagliari, 0 - 1","['3163', '3173']",Italy,Udinese - Cagliari (2017-11-19)
1822,2017-11-05 17:00:00,0,2576069,"Atalanta - SPAL, 1 - 1","['3172', '3204']",Italy,Atalanta - SPAL (2017-11-05)
1823,2017-10-29 14:00:00,3187,2576063,"Napoli - Sassuolo, 3 - 1","['3187', '3315']",Italy,Napoli - Sassuolo (2017-10-29)
1824,2017-10-29 11:30:00,3162,2576059,"Benevento - Lazio, 1 - 5","['3162', '3219']",Italy,Benevento - Lazio (2017-10-29)
1825,2017-10-28 18:45:00,3158,2576064,"Roma - Bologna, 1 - 0","['3158', '3166']",Italy,Roma - Bologna (2017-10-28)
1826,2017-10-28 16:00:00,3159,2576062,"Milan - Juventus, 0 - 2","['3157', '3159']",Italy,Milan - Juventus (2017-10-28)
1827,2017-10-25 18:45:00,3162,2576050,"Bologna - Lazio, 1 - 2","['3162', '3166']",Italy,Bologna - Lazio (2017-10-25)
1828,2017-10-22 18:45:00,3162,2576042,"Lazio - Cagliari, 3 - 0","['3162', '3173']",Italy,Lazio - Cagliari (2017-10-22)
1829,2017-10-22 16:00:00,3159,2576048,"Udinese - Juventus, 2 - 6","['3159', '3163']",Italy,Udinese - Juventus (2017-10-22)
1830,2017-10-22 13:00:00,3172,2576039,"Atalanta - Bologna, 1 - 0","['3166', '3172']",Italy,Atalanta - Bologna (2017-10-22)
1831,2017-10-22 13:00:00,3176,2576040,"Benevento - Fiorentina, 0 - 3","['3176', '3219']",Italy,Benevento - Fiorentina (2017-10-22)
1832,2017-10-22 13:00:00,3315,2576046,"SPAL - Sassuolo, 0 - 1","['3204', '3315']",Italy,SPAL - Sassuolo (2017-10-22)
1833,2017-10-22 13:00:00,3158,2576047,"Torino - Roma, 0 - 1","['3158', '3185']",Italy,Torino - Roma (2017-10-22)
1834,2017-10-21 18:45:00,0,2576044,"Napoli - Internazionale, 0 - 0","['3161', '3187']",Italy,Napoli - Internazionale (2017-10-21)
1835,2017-10-15 13:00:00,3193,2576030,"Cagliari - Genoa, 2 - 3","['3173', '3193']",Italy,Cagliari - Genoa (2017-10-15)
1836,2017-10-15 13:00:00,0,2576038,"Sassuolo - Chievo, 0 - 0","['3165', '3315']",Italy,Sassuolo - Chievo (2017-10-15)
1837,2017-10-01 13:00:00,3165,2576021,"Chievo - Fiorentina, 2 - 1","['3165', '3176']",Italy,Chievo - Fiorentina (2017-10-01)
1838,2017-09-24 16:00:00,3166,2576017,"Sassuolo - Bologna, 0 - 1","['3166', '3315']",Italy,Sassuolo - Bologna (2017-09-24)
1839,2017-09-24 10:30:00,3164,2576016,"Sampdoria - Milan, 2 - 0","['3157', '3164']",Italy,Sampdoria - Milan (2017-09-24)
1840,2017-09-23 13:00:00,3158,2576015,"Roma - Udinese, 3 - 1","['3158', '3163']",Italy,Roma - Udinese (2017-09-23)
1841,2017-09-20 18:45:00,3172,2575999,"Atalanta - Crotone, 5 - 1","['3172', '3197']",Italy,Atalanta - Crotone (2017-09-20)
1842,2017-09-20 18:45:00,3187,2576006,"Lazio - Napoli, 1 - 4","['3162', '3187']",Italy,Lazio - Napoli (2017-09-20)
1843,2017-09-19 18:45:00,0,2576001,"Bologna - Internazionale, 1 - 1","['3161', '3166']",Italy,Bologna - Internazionale (2017-09-19)
1844,2017-09-10 16:00:00,3185,2575980,"Benevento - Torino, 0 - 1","['3185', '3219']",Italy,Benevento - Torino (2017-09-10)
1845,2017-09-10 14:00:00,3162,2575986,"Lazio - Milan, 4 - 1","['3157', '3162']",Italy,Lazio - Milan (2017-09-10)
1846,2017-09-10 13:00:00,3172,2575979,"Atalanta - Sassuolo, 2 - 1","['3172', '3315']",Italy,Atalanta - Sassuolo (2017-09-10)
1847,2017-09-09 16:00:00,3159,2575985,"Juventus - Chievo, 3 - 0","['3159', '3165']",Italy,Juventus - Chievo (2017-09-09)
1848,2017-08-27 18:45:00,3157,2575974,"Milan - Cagliari, 2 - 1","['3157', '3173']",Italy,Milan - Cagliari (2017-08-27)
1849,2017-08-27 16:00:00,3185,2575978,"Torino - Sassuolo, 3 - 0","['3185', '3315']",Italy,Torino - Sassuolo (2017-08-27)
1850,2017-08-26 18:45:00,3161,2575976,"Roma - Internazionale, 1 - 3","['3158', '3161']",Italy,Roma - Internazionale (2017-08-26)
1851,2017-08-26 16:00:00,3159,2575973,"Genoa - Juventus, 2 - 4","['3159', '3193']",Italy,Genoa - Juventus (2017-08-26)
1852,2017-08-20 18:45:00,0,2575960,"Bologna - Torino, 1 - 1","['3166', '3185']",Italy,Bologna - Torino (2017-08-20)
1853,2017-08-19 16:00:00,3159,2575964,"Juventus - Cagliari, 3 - 0","['3159', '3173']",Italy,Juventus - Cagliari (2017-08-19)
1854,2017-11-05 14:00:00,3173,2576071,"Cagliari - Hellas Verona, 2 - 1","['3173', '3194']",Italy,Cagliari - Hellas Verona (2017-11-05)
1855,2017-11-05 14:00:00,0,2576072,"Chievo - Napoli, 0 - 0","['3165', '3187']",Italy,Chievo - Napoli (2017-11-05)
1856,2017-11-05 14:00:00,3159,2576076,"Juventus - Benevento, 2 - 1","['3159', '3219']",Italy,Juventus - Benevento (2017-11-05)
1857,2017-10-29 14:00:00,3197,2576060,"Crotone - Fiorentina, 2 - 1","['3176', '3197']",Italy,Crotone - Fiorentina (2017-10-29)
1858,2017-10-25 18:45:00,3157,2576052,"Chievo - Milan, 1 - 4","['3157', '3165']",Italy,Chievo - Milan (2017-10-25)
1859,2017-10-25 18:45:00,3187,2576054,"Genoa - Napoli, 2 - 3","['3187', '3193']",Italy,Genoa - Napoli (2017-10-25)
1860,2017-10-16 18:45:00,3194,2576033,"Hellas Verona - Benevento, 1 - 0","['3194', '3219']",Italy,Hellas Verona - Benevento (2017-10-16)
1861,2017-10-15 13:00:00,0,2576031,"Crotone - Torino, 2 - 2","['3185', '3197']",Italy,Crotone - Torino (2017-10-15)
1862,2017-10-15 13:00:00,3164,2576037,"Sampdoria - Atalanta, 3 - 1","['3164', '3172']",Italy,Sampdoria - Atalanta (2017-10-15)
1863,2017-10-15 10:30:00,3176,2576032,"Fiorentina - Udinese, 2 - 1","['3163', '3176']",Italy,Fiorentina - Udinese (2017-10-15)
1864,2017-10-14 18:45:00,3187,2576036,"Roma - Napoli, 0 - 1","['3158', '3187']",Italy,Roma - Napoli (2017-10-14)
1865,2017-10-14 16:00:00,3162,2576035,"Juventus - Lazio, 1 - 2","['3159', '3162']",Italy,Juventus - Lazio (2017-10-14)
1866,2017-10-01 13:00:00,0,2576027,"Torino - Hellas Verona, 2 - 2","['3185', '3194']",Italy,Torino - Hellas Verona (2017-10-01)
1867,2017-09-24 13:00:00,3165,2576009,"Cagliari - Chievo, 0 - 2","['3165', '3173']",Italy,Cagliari - Chievo (2017-09-24)
1868,2017-09-20 18:45:00,0,2576003,"Genoa - Chievo, 1 - 1","['3165', '3193']",Italy,Genoa - Chievo (2017-09-20)
1869,2017-09-20 18:45:00,3159,2576005,"Juventus - Fiorentina, 1 - 0","['3159', '3176']",Italy,Juventus - Fiorentina (2017-09-20)
1870,2017-09-17 13:00:00,3187,2575994,"Napoli - Benevento, 6 - 0","['3187', '3219']",Italy,Napoli - Benevento (2017-09-17)
1871,2017-09-10 13:00:00,3176,2575983,"Hellas Verona - Fiorentina, 0 - 5","['3176', '3194']",Italy,Hellas Verona - Fiorentina (2017-09-10)
1872,2017-08-26 16:00:00,3166,2575969,"Benevento - Bologna, 0 - 1","['3166', '3219']",Italy,Benevento - Bologna (2017-08-26)
1873,2017-08-20 18:45:00,3157,2575961,"Crotone - Milan, 0 - 3","['3157', '3197']",Italy,Crotone - Milan (2017-08-20)
1874,2017-08-19 18:45:00,3187,2575962,"Hellas Verona - Napoli, 1 - 3","['3187', '3194']",Italy,Hellas Verona - Napoli (2017-08-19)
1875,2017-11-05 19:45:00,3157,2576078,"Sassuolo - Milan, 0 - 2","['3157', '3315']",Italy,Sassuolo - Milan (2017-11-05)
1876,2017-11-05 14:00:00,3158,2576073,"Fiorentina - Roma, 2 - 4","['3158', '3176']",Italy,Fiorentina - Roma (2017-11-05)
1877,2017-11-05 11:30:00,0,2576075,"Internazionale - Torino, 1 - 1","['3161', '3185']",Italy,Internazionale - Torino (2017-11-05)
1878,2017-11-04 19:45:00,3164,2576074,"Genoa - Sampdoria, 0 - 2","['3164', '3193']",Italy,Genoa - Sampdoria (2017-11-04)
1879,2017-11-04 17:00:00,3197,2576070,"Bologna - Crotone, 2 - 3","['3166', '3197']",Italy,Bologna - Crotone (2017-11-04)
1880,2017-10-29 19:45:00,3185,2576067,"Torino - Cagliari, 2 - 1","['3173', '3185']",Italy,Torino - Cagliari (2017-10-29)
1881,2017-10-29 14:00:00,3204,2576066,"SPAL - Genoa, 1 - 0","['3193', '3204']",Italy,SPAL - Genoa (2017-10-29)
1882,2017-10-25 18:45:00,3158,2576057,"Roma - Crotone, 1 - 0","['3158', '3197']",Italy,Roma - Crotone (2017-10-25)
1883,2017-10-25 18:45:00,3163,2576058,"Sassuolo - Udinese, 0 - 1","['3163', '3315']",Italy,Sassuolo - Udinese (2017-10-25)
1884,2017-10-21 16:00:00,3164,2576045,"Sampdoria - Crotone, 5 - 0","['3164', '3197']",Italy,Sampdoria - Crotone (2017-10-21)
1885,2017-10-15 18:45:00,3161,2576034,"Internazionale - Milan, 3 - 2","['3157', '3161']",Italy,Internazionale - Milan (2017-10-15)
1886,2017-10-15 13:00:00,3166,2576029,"Bologna - SPAL, 2 - 1","['3166', '3204']",Italy,Bologna - SPAL (2017-10-15)
1887,2017-10-01 18:45:00,0,2576019,"Atalanta - Juventus, 2 - 2","['3159', '3172']",Italy,Atalanta - Juventus (2017-10-01)
1888,2017-10-01 13:00:00,3162,2576023,"Lazio - Sassuolo, 6 - 1","['3162', '3315']",Italy,Lazio - Sassuolo (2017-10-01)
1889,2017-09-30 18:45:00,3166,2576022,"Genoa - Bologna, 0 - 1","['3166', '3193']",Italy,Genoa - Bologna (2017-09-30)
1890,2017-09-30 16:00:00,3163,2576028,"Udinese - Sampdoria, 4 - 0","['3163', '3164']",Italy,Udinese - Sampdoria (2017-09-30)
1891,2017-09-24 18:45:00,0,2576011,"Fiorentina - Atalanta, 1 - 1","['3172', '3176']",Italy,Fiorentina - Atalanta (2017-09-24)
1892,2017-09-24 13:00:00,3162,2576012,"Hellas Verona - Lazio, 0 - 3","['3162', '3194']",Italy,Hellas Verona - Lazio (2017-09-24)
1893,2017-09-23 18:45:00,3159,2576014,"Juventus - Torino, 4 - 0","['3159', '3185']",Italy,Juventus - Torino (2017-09-23)
1894,2017-09-23 16:00:00,3187,2576018,"SPAL - Napoli, 2 - 3","['3187', '3204']",Italy,SPAL - Napoli (2017-09-23)
1895,2017-09-20 18:45:00,3157,2576007,"Milan - SPAL, 2 - 0","['3157', '3204']",Italy,Milan - SPAL (2017-09-20)
1896,2017-09-17 18:45:00,3162,2575992,"Genoa - Lazio, 2 - 3","['3162', '3193']",Italy,Genoa - Lazio (2017-09-17)
1897,2017-09-17 16:00:00,0,2575989,"Chievo - Atalanta, 1 - 1","['3165', '3172']",Italy,Chievo - Atalanta (2017-09-17)
1898,2017-09-17 13:00:00,3173,2575997,"SPAL - Cagliari, 0 - 2","['3173', '3204']",Italy,SPAL - Cagliari (2017-09-17)
1899,2017-09-17 13:00:00,0,2575998,"Torino - Sampdoria, 2 - 2","['3164', '3185']",Italy,Torino - Sampdoria (2017-09-17)
1900,2017-09-17 10:30:00,3159,2575996,"Sassuolo - Juventus, 1 - 3","['3159', '3315']",Italy,Sassuolo - Juventus (2017-09-17)
1901,2017-09-16 18:45:00,3158,2575995,"Roma - Hellas Verona, 3 - 0","['3158', '3194']",Italy,Roma - Hellas Verona (2017-09-16)
1902,2017-09-16 16:00:00,3176,2575991,"Fiorentina - Bologna, 2 - 1","['3166', '3176']",Italy,Fiorentina - Bologna (2017-09-16)
1903,2017-09-10 18:45:00,3187,2575981,"Bologna - Napoli, 0 - 3","['3166', '3187']",Italy,Bologna - Napoli (2017-09-10)
1904,2017-09-10 13:00:00,3163,2575988,"Udinese - Genoa, 1 - 0","['3163', '3193']",Italy,Udinese - Genoa (2017-09-10)
1905,2017-09-10 10:30:00,3161,2575984,"Internazionale - SPAL, 2 - 0","['3161', '3204']",Italy,Internazionale - SPAL (2017-09-10)
1906,2017-08-27 18:45:00,3162,2575970,"Chievo - Lazio, 1 - 2","['3162', '3165']",Italy,Chievo - Lazio (2017-08-27)
1907,2017-08-27 18:45:00,0,2575971,"Crotone - Hellas Verona, 0 - 0","['3194', '3197']",Italy,Crotone - Hellas Verona (2017-08-27)
1908,2017-08-27 18:45:00,3164,2575972,"Fiorentina - Sampdoria, 1 - 2","['3164', '3176']",Italy,Fiorentina - Sampdoria (2017-08-27)
1909,2017-08-20 18:45:00,3161,2575963,"Internazionale - Fiorentina, 3 - 0","['3161', '3176']",Italy,Internazionale - Fiorentina (2017-08-20)
1910,2017-08-20 18:45:00,0,2575965,"Lazio - SPAL, 0 - 0","['3162', '3204']",Italy,Lazio - SPAL (2017-08-20)
1911,2017-08-20 18:45:00,3164,2575966,"Sampdoria - Benevento, 2 - 1","['3164', '3219']",Italy,Sampdoria - Benevento (2017-08-20)
1912,2017-08-20 18:45:00,3165,2575968,"Udinese - Chievo, 1 - 2","['3163', '3165']",Italy,Udinese - Chievo (2017-08-20)
1913,2017-08-20 16:00:00,3158,2575959,"Atalanta - Roma, 0 - 1","['3158', '3172']",Italy,Atalanta - Roma (2017-08-20)
1914,2017-11-18 17:00:00,3158,2576084,"Roma - Lazio, 2 - 1","['3158', '3162']",Italy,Roma - Lazio (2017-11-18)
1915,2017-10-30 19:45:00,3161,2576061,"Hellas Verona - Internazionale, 1 - 2","['3161', '3194']",Italy,Hellas Verona - Internazionale (2017-10-30)
1916,2017-10-29 14:00:00,3164,2576065,"Sampdoria - Chievo, 4 - 1","['3164', '3165']",Italy,Sampdoria - Chievo (2017-10-29)
1917,2017-10-29 14:00:00,3163,2576068,"Udinese - Atalanta, 2 - 1","['3163', '3172']",Italy,Udinese - Atalanta (2017-10-29)
1918,2017-10-25 18:45:00,3173,2576051,"Cagliari - Benevento, 2 - 1","['3173', '3219']",Italy,Cagliari - Benevento (2017-10-25)
1919,2017-10-25 18:45:00,3176,2576053,"Fiorentina - Torino, 3 - 0","['3176', '3185']",Italy,Fiorentina - Torino (2017-10-25)
1920,2017-10-25 18:45:00,3159,2576056,"Juventus - SPAL, 4 - 1","['3159', '3204']",Italy,Juventus - SPAL (2017-10-25)
1921,2017-10-25 16:30:00,3172,2576049,"Atalanta - Hellas Verona, 3 - 0","['3172', '3194']",Italy,Atalanta - Hellas Verona (2017-10-25)
1922,2017-10-24 18:45:00,3161,2576055,"Internazionale - Sampdoria, 3 - 2","['3161', '3164']",Italy,Internazionale - Sampdoria (2017-10-24)
1923,2017-10-22 13:00:00,0,2576043,"Milan - Genoa, 0 - 0","['3157', '3193']",Italy,Milan - Genoa (2017-10-22)
1924,2017-10-22 10:30:00,3165,2576041,"Chievo - Hellas Verona, 3 - 2","['3165', '3194']",Italy,Chievo - Hellas Verona (2017-10-22)
1925,2017-10-01 16:00:00,3158,2576024,"Milan - Roma, 0 - 2","['3157', '3158']",Italy,Milan - Roma (2017-10-01)
1926,2017-10-01 13:00:00,3161,2576020,"Benevento - Internazionale, 1 - 2","['3161', '3219']",Italy,Benevento - Internazionale (2017-10-01)
1927,2017-10-01 13:00:00,0,2576026,"SPAL - Crotone, 1 - 1","['3197', '3204']",Italy,SPAL - Crotone (2017-10-01)
1928,2017-10-01 10:30:00,3187,2576025,"Napoli - Cagliari, 3 - 0","['3173', '3187']",Italy,Napoli - Cagliari (2017-10-01)
1929,2017-09-24 13:00:00,3197,2576010,"Crotone - Benevento, 2 - 0","['3197', '3219']",Italy,Crotone - Benevento (2017-09-24)
1930,2017-09-24 13:00:00,3161,2576013,"Internazionale - Genoa, 1 - 0","['3161', '3193']",Italy,Internazionale - Genoa (2017-09-24)
1931,2017-09-20 18:45:00,3315,2576002,"Cagliari - Sassuolo, 0 - 1","['3173', '3315']",Italy,Cagliari - Sassuolo (2017-09-20)
1932,2017-09-20 18:45:00,0,2576004,"Hellas Verona - Sampdoria, 0 - 0","['3164', '3194']",Italy,Hellas Verona - Sampdoria (2017-09-20)
1933,2017-09-20 18:45:00,3185,2576008,"Udinese - Torino, 2 - 3","['3163', '3185']",Italy,Udinese - Torino (2017-09-20)
1934,2017-09-20 16:00:00,3158,2576000,"Benevento - Roma, 0 - 4","['3158', '3219']",Italy,Benevento - Roma (2017-09-20)
1935,2017-09-17 13:00:00,3157,2575993,"Milan - Udinese, 2 - 1","['3157', '3163']",Italy,Milan - Udinese (2017-09-17)
1936,2017-09-16 13:00:00,3161,2575990,"Crotone - Internazionale, 0 - 2","['3161', '3197']",Italy,Crotone - Internazionale (2017-09-16)
1937,2017-09-10 13:00:00,3173,2575982,"Cagliari - Crotone, 1 - 0","['3173', '3197']",Italy,Cagliari - Crotone (2017-09-10)
1938,2017-08-27 18:45:00,3187,2575975,"Napoli - Atalanta, 3 - 1","['3172', '3187']",Italy,Napoli - Atalanta (2017-08-27)
1939,2017-08-27 18:45:00,3204,2575977,"SPAL - Udinese, 3 - 2","['3163', '3204']",Italy,SPAL - Udinese (2017-08-27)
1940,2017-08-20 18:45:00,0,2575967,"Sassuolo - Genoa, 0 - 0","['3193', '3315']",Italy,Sassuolo - Genoa (2017-08-20)
